Age,ECC,ECC_413k_notched_out,OMEGA,OBL,Prec,EXI,ETP,EXI_WM
0,0.01724,0.00418,101.37,23.446,0.017,426.76,-1.5009,450.9
1,0.01764,0.03881,84.26,23.573,0.018,430.12,-1.3004,453.76
2,0.01802,0.07074,67.23,23.697,0.017,434.69,-1.032,457.91
3,0.01838,0.09997,50.3,23.815,0.014,440.2,-0.7105,463.07
4,0.0187,0.1264,33.45,23.923,0.01,446.28,-0.3447,468.86
5,0.01899,0.14985,16.68,24.019,0.005,452.48,0.0404,474.83
6,0.01925,0.1703,359.99,24.1,0,458.31,0.4277,480.49
7,0.01948,0.18776,343.37,24.163,-0.006,463.29,0.7893,485.35
8,0.01967,0.20213,326.82,24.206,-0.011,467,1.1019,488.97
9,0.01984,0.21352,310.32,24.229,-0.015,469.12,1.3382,491.06
10,0.01997,0.22162,293.86,24.229,-0.018,469.44,1.4846,491.39
11,0.02007,0.22663,277.45,24.207,-0.02,467.92,1.5253,489.94
12,0.02014,0.22857,261.07,24.161,-0.02,464.67,1.4573,486.8
13,0.02018,0.22731,244.71,24.093,-0.018,459.95,1.2751,482.24
14,0.02018,0.22278,228.37,24.004,-0.015,454.12,0.9943,476.63
15,0.02015,0.21535,212.04,23.895,-0.011,447.62,0.6255,470.42
16,0.0201,0.20474,195.71,23.769,-0.005,440.92,0.1906,464.08
17,0.02001,0.19104,179.38,23.627,0,434.5,-0.2877,458.08
18,0.0199,0.17445,163.04,23.475,0.006,428.77,-0.7812,452.86
19,0.01976,0.15496,146.69,23.315,0.011,424.07,-1.2695,448.75
20,0.01959,0.13258,130.34,23.151,0.015,420.64,-1.7255,445.99
21,0.0194,0.1075,113.98,22.989,0.018,418.62,-2.133,444.7
22,0.01918,0.07981,97.61,22.832,0.019,418,-2.4688,444.88
23,0.01895,0.04952,81.26,22.685,0.019,418.7,-2.7233,446.39
24,0.01869,0.01691,64.91,22.553,0.017,420.51,-2.8828,449.05
25,0.01842,0.01791,48.6,22.439,0.014,423.19,-2.9482,452.51
26,0.01814,0.05486,32.33,22.348,0.01,426.41,-2.9223,456.45
27,0.01784,0.09364,16.13,22.282,0.005,429.86,-2.8214,460.5
28,0.01753,0.13406,0,22.244,0,433.2,-2.6617,464.3
29,0.01722,0.17593,343.99,22.235,-0.005,436.19,-2.4682,467.56
30,0.0169,0.21895,328.11,22.255,-0.009,438.63,-2.2595,470.04
31,0.01658,0.26294,312.37,22.305,-0.012,440.38,-2.0535,471.64
32,0.01627,0.30751,296.8,22.382,-0.015,441.42,-1.8597,472.32
33,0.01597,0.35237,281.42,22.485,-0.016,441.79,-1.6859,472.15
34,0.01567,0.39723,266.24,22.61,-0.016,441.59,-1.5303,471.22
35,0.01539,0.44151,251.28,22.754,-0.015,440.95,-1.3871,469.73
36,0.01513,0.48492,236.54,22.913,-0.013,440.04,-1.2516,467.88
37,0.01489,0.52717,222.02,23.082,-0.01,439.02,-1.1127,465.86
38,0.01467,0.56759,207.73,23.257,-0.007,438.04,-0.9695,463.85
39,0.01449,0.60589,193.65,23.433,-0.003,437.22,-0.8196,462.02
40,0.01433,0.64139,179.77,23.605,0,436.66,-0.6768,460.49
41,0.01422,0.67361,166.06,23.769,0.003,436.42,-0.5446,459.33
42,0.01413,0.70226,152.51,23.922,0.007,436.54,-0.4383,458.64
43,0.01409,0.72686,139.09,24.059,0.009,437.05,-0.356,458.42
44,0.01409,0.74693,125.77,24.178,0.011,437.94,-0.297,458.7
45,0.01413,0.76217,112.5,24.277,0.013,439.21,-0.2485,459.49
46,0.01422,0.77249,99.27,24.353,0.014,440.82,-0.2054,460.76
47,0.01434,0.7778,86.04,24.405,0.014,442.75,-0.1541,462.48
48,0.0145,0.7778,72.79,24.433,0.014,444.95,-0.1002,464.63
49,0.0147,0.77288,59.47,24.437,0.013,447.35,-0.0381,467.12
50,0.01493,0.76285,46.07,24.416,0.011,449.88,0.0155,469.88
51,0.0152,0.74828,32.57,24.371,0.008,452.43,0.0633,472.79
52,0.0155,0.72928,18.95,24.305,0.005,454.87,0.0913,475.72
53,0.01582,0.70622,5.2,24.218,0.001,457.06,0.105,478.5
54,0.01617,0.6795,351.31,24.113,-0.002,458.83,0.0995,480.95
55,0.01654,0.6495,337.27,23.992,-0.006,460,0.0847,482.87
56,0.01693,0.6165,323.07,23.859,-0.01,460.41,0.0562,484.07
57,0.01734,0.5811,308.72,23.715,-0.014,459.91,0.0157,484.37
58,0.01776,0.54338,294.21,23.565,-0.016,458.39,-0.045,483.63
59,0.0182,0.50383,279.55,23.411,-0.018,455.8,-0.1338,481.77
60,0.01865,0.46273,264.74,23.258,-0.019,452.14,-0.2613,478.78
61,0.0191,0.42048,249.78,23.108,-0.018,447.51,-0.4298,474.72
62,0.01957,0.37707,234.69,22.965,-0.016,442.09,-0.6462,469.77
63,0.02004,0.33298,219.48,22.831,-0.013,436.12,-0.9073,464.16
64,0.02052,0.28822,204.14,22.71,-0.008,429.91,-1.2085,458.22
65,0.02101,0.24327,188.71,22.603,-0.003,423.84,-1.5341,452.32
66,0.0215,0.19793,173.17,22.514,0.003,418.27,-1.8699,446.85
67,0.02199,0.15258,157.56,22.442,0.008,413.57,-2.1942,442.2
68,0.02249,0.10744,141.88,22.391,0.014,410.07,-2.4837,438.74
69,0.023,0.06248,126.14,22.36,0.019,408.05,-2.7164,436.73
70,0.0235,0.01782,110.35,22.35,0.022,407.69,-2.8695,436.4
71,0.02402,0.02656,94.54,22.36,0.024,409.08,-2.9261,437.83
72,0.02453,0.07026,78.7,22.39,0.024,412.19,-2.8684,441
73,0.02506,0.11348,62.85,22.44,0.022,416.9,-2.6941,445.78
74,0.02558,0.15612,47,22.507,0.019,422.94,-2.3997,451.88
75,0.02611,0.19798,31.16,22.59,0.014,429.97,-1.9995,458.93
76,0.02665,0.23927,15.33,22.687,0.007,437.53,-1.5058,466.46
77,0.02719,0.27979,359.52,22.797,-0,445.14,-0.9472,473.95
78,0.02773,0.31944,343.74,22.916,-0.008,452.26,-0.3531,480.84
79,0.02828,0.35822,327.98,23.043,-0.015,458.38,0.2433,486.62
80,0.02884,0.39623,312.25,23.175,-0.021,463.07,0.81,490.84
81,0.0294,0.43347,296.54,23.31,-0.026,465.99,1.3158,493.14
82,0.02996,0.46964,280.87,23.444,-0.029,466.91,1.7326,493.33
83,0.03053,0.50504,265.23,23.576,-0.03,465.81,2.0412,491.4
84,0.0311,0.53958,249.61,23.703,-0.029,462.8,2.2324,487.48
85,0.03167,0.57315,234.01,23.822,-0.026,458.15,2.3016,481.89
86,0.03225,0.60576,218.43,23.932,-0.02,452.28,2.2574,475.1
87,0.03282,0.6373,202.87,24.03,-0.013,445.69,2.1143,467.64
88,0.0334,0.66798,187.31,24.115,-0.004,438.95,1.8969,460.11
89,0.03398,0.69769,171.75,24.184,0.005,432.63,1.625,453.11
90,0.03456,0.72635,156.19,24.236,0.014,427.28,1.3319,447.22
91,0.03513,0.75393,140.61,24.27,0.022,423.36,1.0436,442.93
92,0.0357,0.78037,125.02,24.285,0.029,421.23,0.7867,440.63
93,0.03626,0.80574,109.41,24.281,0.034,421.14,0.5844,440.56
94,0.03682,0.82995,93.75,24.256,0.037,423.16,0.4584,442.81
95,0.03736,0.85301,78.06,24.212,0.037,427.23,0.4211,447.31
96,0.0379,0.87491,62.32,24.147,0.034,433.1,0.4826,453.79
97,0.03842,0.89536,46.53,24.065,0.028,440.36,0.6378,461.86
98,0.03894,0.91465,30.67,23.964,0.02,448.47,0.8735,470.92
99,0.03943,0.9325,14.74,23.849,0.01,456.74,1.1618,480.26
100,0.03991,0.9488,358.73,23.719,-0.001,464.41,1.4695,489.08
101,0.04037,0.96376,342.64,23.579,-0.012,470.73,1.7574,496.55
102,0.04081,0.97707,326.47,23.432,-0.023,474.98,1.9897,501.92
103,0.04123,0.98884,310.2,23.28,-0.031,476.59,2.134,504.54
104,0.04162,0.99887,293.85,23.127,-0.038,475.23,2.1706,504.01
105,0.04199,1.0072,277.4,22.978,-0.042,470.81,2.0808,500.2
106,0.04234,1.0135,260.86,22.836,-0.042,463.53,1.8653,493.31
107,0.04265,1.0181,244.24,22.706,-0.038,453.91,1.5247,483.82
108,0.04293,1.0206,227.54,22.591,-0.032,442.67,1.0805,472.48
109,0.04318,1.0211,210.78,22.494,-0.022,430.73,0.5499,460.26
110,0.04341,1.0193,193.96,22.42,-0.01,419.06,-0.0251,448.19
111,0.04359,1.0156,177.1,22.37,0.002,408.61,-0.61,437.28
112,0.04374,1.0094,160.21,22.346,0.015,400.23,-1.1566,428.44
113,0.04386,1.0009,143.31,22.349,0.026,394.61,-1.6226,422.4
114,0.04394,0.99009,126.41,22.38,0.035,392.2,-1.9642,419.66
115,0.04398,0.97678,109.54,22.438,0.041,393.21,-2.1456,420.46
116,0.04399,0.96086,92.71,22.52,0.044,397.6,-2.1407,424.74
117,0.04395,0.94244,75.93,22.625,0.043,405.1,-1.9396,432.2
118,0.04388,0.92131,59.22,22.75,0.038,415.17,-1.5455,442.29
119,0.04377,0.89767,42.59,22.891,0.03,427.07,-0.9874,454.21
120,0.04362,0.87115,26.04,23.043,0.019,439.91,-0.3042,467.02
121,0.04343,0.84191,9.59,23.202,0.007,452.72,0.45,479.71
122,0.04321,0.80998,353.23,23.364,-0.005,464.51,1.2228,491.26
123,0.04294,0.77535,336.98,23.523,-0.017,474.37,1.954,500.73
124,0.04264,0.73782,320.82,23.676,-0.027,481.6,2.6061,507.44
125,0.04231,0.6976,304.76,23.818,-0.035,485.71,3.1349,510.92
126,0.04194,0.65467,288.8,23.945,-0.04,486.53,3.5239,511.01
127,0.04153,0.60904,272.92,24.054,-0.041,484.15,3.7499,507.85
128,0.04109,0.56071,257.12,24.142,-0.04,478.95,3.8138,501.87
129,0.04063,0.50977,241.39,24.207,-0.036,471.51,3.7144,493.7
130,0.04013,0.45623,225.73,24.247,-0.029,462.57,3.4693,484.1
131,0.0396,0.40038,210.14,24.262,-0.02,452.91,3.0952,473.91
132,0.03906,0.34211,194.59,24.251,-0.01,443.29,2.6229,463.91
133,0.03849,0.28162,179.08,24.214,0.001,434.42,2.0796,454.81
134,0.0379,0.21901,163.62,24.154,0.011,426.86,1.5047,447.23
135,0.0373,0.15457,148.18,24.071,0.02,421.05,0.9271,441.56
136,0.03668,0.0883,132.77,23.967,0.027,417.23,0.3857,438.1
137,0.03605,0.02048,117.39,23.847,0.032,415.52,-0.0937,436.94
138,0.03542,0.04869,102.02,23.712,0.035,415.86,-0.4877,437.98
139,0.03478,0.11892,86.66,23.568,0.035,418.04,-0.7843,441.05
140,0.03415,0.18992,71.32,23.417,0.032,421.77,-0.9767,445.77
141,0.03352,0.2614,56,23.265,0.028,426.64,-1.0711,451.73
142,0.03291,0.33317,40.69,23.116,0.021,432.17,-1.0781,458.41
143,0.03231,0.40466,25.41,22.974,0.014,437.9,-1.0145,465.26
144,0.03173,0.47556,10.16,22.844,0.006,443.34,-0.901,471.77
145,0.03118,0.5456,354.95,22.729,-0.003,448.07,-0.76,477.46
146,0.03066,0.61409,339.78,22.632,-0.011,451.74,-0.6142,481.93
147,0.03017,0.68066,324.67,22.557,-0.017,454.11,-0.48,484.89
148,0.02972,0.74481,309.63,22.505,-0.023,455.06,-0.3762,486.2
149,0.02931,0.80577,294.66,22.478,-0.027,454.57,-0.3062,485.83
150,0.02896,0.86346,279.76,22.476,-0.029,452.74,-0.2781,483.9
151,0.02865,0.91691,264.96,22.498,-0.029,449.75,-0.2876,480.57
152,0.0284,0.96572,250.23,22.544,-0.027,445.86,-0.3355,476.15
153,0.02821,1.0094,235.59,22.611,-0.023,441.35,-0.4044,470.96
154,0.02808,1.0472,221.04,22.698,-0.018,436.54,-0.496,465.35
155,0.028,1.0789,206.56,22.8,-0.013,431.73,-0.5872,459.66
156,0.02799,1.104,192.14,22.915,-0.006,427.23,-0.6838,454.24
157,0.02804,1.1219,177.79,23.039,0.001,423.31,-0.7624,449.41
158,0.02815,1.1326,163.47,23.169,0.008,420.22,-0.8282,445.44
159,0.02832,1.136,149.18,23.301,0.015,418.17,-0.8632,442.57
160,0.02854,1.1318,134.91,23.432,0.02,417.32,-0.875,441
161,0.02882,1.1202,120.64,23.557,0.025,417.81,-0.8468,440.85
162,0.02914,1.1012,106.36,23.676,0.028,419.7,-0.7834,442.23
163,0.02951,1.0753,92.06,23.783,0.029,422.99,-0.6724,445.12
164,0.02991,1.0425,77.72,23.879,0.029,427.63,-0.5188,449.5
165,0.03036,1.0034,63.33,23.96,0.027,433.46,-0.3114,455.18
166,0.03083,0.95849,48.89,24.026,0.023,440.25,-0.0602,461.95
167,0.03133,0.90813,34.38,24.075,0.018,447.69,0.2395,469.49
168,0.03186,0.85295,19.8,24.107,0.011,455.38,0.5749,477.38
169,0.0324,0.79333,5.15,24.122,0.003,462.87,0.9413,485.14
170,0.03296,0.72995,350.42,24.119,-0.005,469.64,1.3186,492.24
171,0.03353,0.66329,335.6,24.1,-0.014,475.19,1.6953,498.17
172,0.03411,0.59383,320.7,24.064,-0.022,479.04,2.0436,502.42
173,0.0347,0.52216,305.71,24.014,-0.028,480.8,2.3449,504.58
174,0.03528,0.44845,290.63,23.95,-0.033,480.2,2.5711,504.34
175,0.03587,0.37359,275.45,23.873,-0.036,477.15,2.7019,501.59
176,0.03645,0.29777,260.19,23.784,-0.036,471.71,2.7174,496.38
177,0.03703,0.22137,244.83,23.687,-0.034,464.16,2.6033,489.01
178,0.0376,0.14477,229.39,23.582,-0.029,454.95,2.3594,479.91
179,0.03816,0.06827,213.85,23.471,-0.021,444.67,1.9878,469.68
180,0.03872,0.00755,198.22,23.356,-0.012,434.02,1.5086,459.05
181,0.03926,0.0827,182.51,23.24,-0.002,423.71,0.9446,448.77
182,0.03979,0.15669,166.71,23.124,0.009,414.46,0.336,439.58
183,0.04031,0.22943,150.84,23.011,0.02,406.92,-0.2792,432.16
184,0.04081,0.30063,134.88,22.902,0.029,401.6,-0.8523,427.06
185,0.0413,0.36989,118.85,22.8,0.036,398.89,-1.3396,424.69
186,0.04178,0.43723,102.75,22.707,0.041,398.99,-1.7013,425.26
187,0.04224,0.50234,86.59,22.626,0.042,401.91,-1.9093,428.81
188,0.04268,0.56524,70.37,22.557,0.04,407.48,-1.9365,435.1
189,0.04311,0.62553,54.1,22.502,0.035,415.3,-1.7838,443.74
190,0.04353,0.68322,37.79,22.464,0.027,424.81,-1.452,454.1
191,0.04393,0.73811,21.45,22.444,0.016,435.27,-0.9652,465.4
192,0.04432,0.79011,5.08,22.442,0.004,445.83,-0.3567,476.71
193,0.04469,0.83912,348.7,22.459,-0.009,455.62,0.3258,487.07
194,0.04505,0.88523,332.32,22.496,-0.021,463.78,1.0352,495.57
195,0.0454,0.92816,315.94,22.552,-0.032,469.59,1.7125,501.45
196,0.04573,0.9679,299.58,22.627,-0.04,472.53,2.3102,504.14
197,0.04605,1.0045,283.23,22.719,-0.045,472.37,2.7816,503.41
198,0.04635,1.0377,266.93,22.828,-0.046,469.16,3.1027,499.34
199,0.04664,1.0677,250.66,22.951,-0.044,463.26,3.2492,492.34
200,0.04692,1.0944,234.44,23.086,-0.038,455.27,3.2308,483.07
201,0.04719,1.1177,218.27,23.23,-0.029,445.97,3.0539,472.39
202,0.04744,1.1377,202.16,23.38,-0.018,436.23,2.7593,461.26
203,0.04768,1.1546,186.1,23.533,-0.005,426.95,2.3816,450.63
204,0.0479,1.168,170.1,23.685,0.008,418.95,1.9719,441.39
205,0.04811,1.1782,154.16,23.833,0.021,412.93,1.5752,434.28
206,0.0483,1.1852,138.27,23.973,0.032,409.41,1.2427,429.87
207,0.04848,1.189,122.43,24.102,0.041,408.75,1.0076,428.52
208,0.04864,1.1898,106.64,24.216,0.047,411.08,0.9058,430.38
209,0.04879,1.1874,90.87,24.313,0.049,416.33,0.9439,435.38
210,0.04892,1.1819,75.14,24.39,0.047,424.23,1.1303,443.23
211,0.04904,1.1735,59.42,24.444,0.042,434.28,1.4511,453.43
212,0.04913,1.1622,43.72,24.475,0.034,445.83,1.8821,465.32
213,0.04921,1.1481,28.01,24.48,0.023,458.04,2.3864,478.03
214,0.04926,1.1312,12.29,24.459,0.01,469.98,2.9253,490.62
215,0.04929,1.1117,356.55,24.412,-0.003,480.68,3.4456,502.07
216,0.0493,1.0896,340.77,24.338,-0.016,489.2,3.907,511.41
217,0.04929,1.0649,324.95,24.24,-0.028,494.74,4.2589,517.81
218,0.04926,1.0377,309.07,24.118,-0.038,496.72,4.4682,520.64
219,0.04919,1.0082,293.12,23.975,-0.045,494.83,4.5033,519.55
220,0.0491,0.97649,277.1,23.813,-0.049,489.13,4.3519,514.53
221,0.04899,0.94263,261,23.637,-0.048,479.96,4.0037,505.95
222,0.04885,0.90655,244.8,23.45,-0.044,468,3.476,494.44
223,0.04867,0.86844,228.5,23.258,-0.036,454.16,2.7868,480.92
224,0.04847,0.82841,212.1,23.064,-0.026,439.5,1.9778,466.46
225,0.04823,0.78664,195.6,22.875,-0.013,425.1,1.0899,452.2
226,0.04797,0.74303,179,22.695,0.001,412.02,0.1815,439.23
227,0.04767,0.69779,162.3,22.53,0.014,401.18,-0.6917,428.5
228,0.04734,0.651,145.53,22.385,0.027,393.28,-1.4685,420.79
229,0.04697,0.60248,128.68,22.264,0.037,388.8,-2.1023,416.61
230,0.04657,0.5527,111.77,22.171,0.043,387.98,-2.5491,416.19
231,0.04614,0.50157,94.83,22.109,0.046,390.76,-2.7896,419.48
232,0.04567,0.44909,77.86,22.079,0.045,396.84,-2.8149,426.15
233,0.04517,0.39536,60.89,22.084,0.039,405.67,-2.643,435.62
234,0.04463,0.34047,43.95,22.122,0.031,416.49,-2.298,447.04
235,0.04406,0.28461,27.04,22.191,0.02,428.38,-1.8228,459.41
236,0.04345,0.2277,10.2,22.291,0.008,440.35,-1.2585,471.68
237,0.04281,0.17001,353.43,22.417,-0.005,451.39,-0.6494,482.78
238,0.04214,0.11135,336.75,22.566,-0.017,460.66,-0.037,491.83
239,0.04144,0.05203,320.19,22.733,-0.027,467.49,0.5402,498.13
240,0.04071,0.00807,303.74,22.912,-0.034,471.47,1.0554,501.31
241,0.03994,0.06866,287.41,23.099,-0.038,472.52,1.4841,501.3
242,0.03916,0.12972,271.21,23.288,-0.039,470.84,1.8133,498.4
243,0.03834,0.19117,255.14,23.475,-0.037,466.84,2.0361,493.08
244,0.0375,0.25291,239.21,23.654,-0.032,461.15,2.148,486.04
245,0.03664,0.31494,223.4,23.82,-0.025,454.46,2.1508,478.03
246,0.03575,0.37697,207.73,23.971,-0.017,447.48,2.0524,469.85
247,0.03485,0.4389,192.17,24.103,-0.007,440.85,1.8673,462.17
248,0.03394,0.50064,176.74,24.213,0.002,435.14,1.6194,455.58
249,0.03301,0.562,161.43,24.299,0.011,430.73,1.3349,450.51
250,0.03208,0.62277,146.23,24.36,0.018,427.89,1.0483,447.21
251,0.03115,0.68278,131.15,24.396,0.023,426.71,0.785,445.79
252,0.03021,0.74182,116.18,24.406,0.027,427.15,0.5632,446.2
253,0.02928,0.7996,101.32,24.391,0.029,429.04,0.3912,448.25
254,0.02836,0.85604,86.58,24.351,0.028,432.1,0.2647,451.65
255,0.02746,0.91054,71.95,24.29,0.026,436,0.1733,456.06
256,0.02657,0.96302,57.43,24.208,0.022,440.35,0.1055,461.06
257,0.02572,1.013,43.04,24.108,0.018,444.78,0.051,466.25
258,0.0249,1.0602,28.76,23.994,0.012,448.93,0.0009,471.25
259,0.02412,1.104,14.61,23.867,0.006,452.5,-0.0444,475.71
260,0.02338,1.1442,0.59,23.732,0,455.26,-0.0923,479.37
261,0.02271,1.1802,346.68,23.591,-0.005,457.05,-0.1409,482.06
262,0.0221,1.2115,332.9,23.449,-0.01,457.8,-0.1988,483.66
263,0.02156,1.2377,319.23,23.309,-0.014,457.51,-0.2676,484.17
264,0.0211,1.2581,305.65,23.174,-0.017,456.25,-0.3588,483.62
265,0.02072,1.2727,292.15,23.046,-0.019,454.11,-0.4682,482.08
266,0.02043,1.2807,278.71,22.93,-0.02,451.23,-0.6062,479.68
267,0.02023,1.2818,265.3,22.826,-0.02,447.72,-0.7591,476.54
268,0.02013,1.276,251.87,22.737,-0.019,443.75,-0.9359,472.81
269,0.02012,1.2628,238.41,22.665,-0.017,439.43,-1.1194,468.61
270,0.0202,1.2424,224.88,22.611,-0.014,434.92,-1.3155,464.11
271,0.02037,1.2148,211.25,22.574,-0.011,430.37,-1.5036,459.45
272,0.02062,1.1801,197.49,22.556,-0.006,425.93,-1.6925,454.81
273,0.02094,1.1385,183.58,22.555,-0.001,421.79,-1.8632,450.4
274,0.02134,1.0906,169.52,22.571,0.004,418.16,-2.0217,446.42
275,0.02179,1.0365,155.3,22.604,0.009,415.25,-2.1517,443.15
276,0.02229,0.97701,140.91,22.651,0.014,413.27,-2.2572,440.79
277,0.02284,0.91237,126.36,22.711,0.018,412.44,-2.3169,439.59
278,0.02343,0.8432,111.66,22.783,0.022,412.94,-2.3295,439.74
279,0.02404,0.77008,96.82,22.865,0.024,414.87,-2.2763,441.37
280,0.02468,0.69339,81.85,22.954,0.024,418.28,-2.1556,444.53
281,0.02532,0.6139,66.76,23.048,0.023,423.12,-1.9529,449.16
282,0.02598,0.5319,51.57,23.147,0.02,429.22,-1.6706,455.11
283,0.02664,0.44787,36.27,23.248,0.016,436.31,-1.3049,462.08
284,0.0273,0.36231,20.9,23.348,0.01,444,-0.8691,469.65
285,0.02795,0.27577,5.45,23.447,0.003,451.81,-0.374,477.36
286,0.0286,0.18847,349.93,23.542,-0.005,459.21,0.1619,484.63
287,0.02923,0.10078,334.35,23.632,-0.013,465.63,0.7109,490.89
288,0.02984,0.01319,318.72,23.714,-0.02,470.57,1.2486,495.6
289,0.03043,0.07412,303.05,23.789,-0.026,473.58,1.7408,498.33
290,0.03101,0.16065,287.32,23.854,-0.03,474.38,2.1625,498.8
291,0.03156,0.24641,271.56,23.907,-0.032,472.85,2.4857,496.86
292,0.03208,0.33073,255.76,23.949,-0.031,469.08,2.6914,492.65
293,0.03258,0.41369,239.92,23.978,-0.028,463.34,2.7628,486.47
294,0.03305,0.49492,224.04,23.993,-0.023,456.09,2.7004,478.77
295,0.03349,0.57421,208.13,23.993,-0.016,447.91,2.5037,470.18
296,0.03391,0.65129,192.17,23.979,-0.007,439.46,2.1905,461.39
297,0.03429,0.72596,176.17,23.949,0.002,431.42,1.781,453.1
298,0.03464,0.79821,160.13,23.906,0.012,424.41,1.3077,445.98
299,0.03496,0.86767,144.04,23.847,0.021,418.99,0.8066,440.58
300,0.03525,0.93423,127.9,23.776,0.028,415.56,0.3227,437.34
301,0.03551,0.99771,111.7,23.692,0.033,414.37,-0.1108,436.52
302,0.03574,1.0579,95.45,23.598,0.036,415.5,-0.4498,438.21
303,0.03594,1.115,79.13,23.494,0.035,418.83,-0.6731,442.26
304,0.03611,1.1685,62.75,23.384,0.032,424.08,-0.7625,448.39
305,0.03625,1.2186,46.31,23.27,0.026,430.78,-0.7198,456.09
306,0.03636,1.2648,29.79,23.154,0.018,438.32,-0.5528,464.71
307,0.03644,1.3076,13.21,23.041,0.008,445.98,-0.287,473.49
308,0.0365,1.3464,356.57,22.931,-0.002,453.03,0.0519,481.58
309,0.03653,1.3812,339.86,22.83,-0.013,458.73,0.4254,488.24
310,0.03653,1.412,323.09,22.74,-0.022,462.48,0.7981,492.75
311,0.0365,1.439,306.27,22.664,-0.029,463.84,1.1246,494.64
312,0.03645,1.4618,289.41,22.605,-0.034,462.62,1.3707,493.69
313,0.03638,1.4807,272.51,22.565,-0.036,458.9,1.4987,489.96
314,0.03628,1.4954,255.58,22.546,-0.035,453.01,1.4926,483.77
315,0.03616,1.5059,238.64,22.549,-0.031,445.49,1.3452,475.73
316,0.03602,1.5124,221.69,22.575,-0.024,437.08,1.0727,466.6
317,0.03586,1.5147,204.76,22.624,-0.015,428.55,0.698,457.24
318,0.03567,1.513,187.85,22.694,-0.005,420.7,0.2656,448.49
319,0.03547,1.5071,170.97,22.784,0.006,414.24,-0.1809,441.13
320,0.03525,1.497,154.13,22.891,0.015,409.75,-0.5797,435.79
321,0.03501,1.4831,137.34,23.014,0.024,407.64,-0.8886,432.91
322,0.03475,1.4652,120.6,23.148,0.03,408.11,-1.0563,432.71
323,0.03447,1.4433,103.93,23.289,0.033,411.17,-1.0661,435.23
324,0.03418,1.4175,87.31,23.435,0.034,416.64,-0.9067,440.26
325,0.03386,1.388,70.76,23.579,0.032,424.14,-0.6005,447.41
326,0.03354,1.3548,54.26,23.719,0.027,433.14,-0.1674,456.15
327,0.03319,1.318,37.82,23.851,0.02,443,0.3452,465.8
328,0.03283,1.2776,21.42,23.97,0.012,452.96,0.9046,475.61
329,0.03245,1.2338,5.07,24.074,0.003,462.29,1.4642,484.8
330,0.03206,1.1866,348.74,24.159,-0.006,470.25,1.9897,492.66
331,0.03165,1.1361,332.43,24.223,-0.015,476.26,2.4399,498.57
332,0.03123,1.0826,316.12,24.264,-0.022,479.85,2.785,502.1
333,0.03078,1.0261,299.81,24.28,-0.027,480.79,2.9928,502.96
334,0.03033,0.96665,283.48,24.272,-0.029,479.05,3.0471,501.21
335,0.02985,0.90452,267.12,24.238,-0.03,474.84,2.9379,496.99
336,0.02936,0.83979,250.72,24.18,-0.028,468.56,2.6701,490.76
337,0.02886,0.77255,234.27,24.099,-0.023,460.76,2.2565,483.06
338,0.02833,0.7029,217.74,23.996,-0.017,452.08,1.7299,474.53
339,0.02779,0.63113,201.14,23.874,-0.01,443.21,1.12,465.9
340,0.02723,0.55743,184.45,23.735,-0.002,434.8,0.4736,457.81
341,0.02666,0.4818,167.66,23.585,0.006,427.44,-0.1725,450.87
342,0.02607,0.40452,150.75,23.425,0.013,421.58,-0.776,445.53
343,0.02546,0.32561,133.74,23.261,0.018,417.53,-1.309,442.12
344,0.02484,0.24525,116.6,23.096,0.022,415.45,-1.7472,440.76
345,0.02419,0.16364,99.35,22.937,0.024,415.31,-2.0802,441.45
346,0.02353,0.08106,81.97,22.787,0.023,416.92,-2.3071,443.97
347,0.02286,0.00238,64.47,22.65,0.021,419.97,-2.4375,447.93
348,0.02217,0.0865,46.86,22.531,0.016,424.01,-2.484,452.88
349,0.02146,0.1712,29.13,22.433,0.01,428.52,-2.472,458.24
350,0.02074,0.25619,11.31,22.359,0.004,432.98,-2.4215,463.41
351,0.02,0.34118,353.38,22.312,-0.002,436.89,-2.3574,467.87
352,0.01925,0.42607,335.38,22.291,-0.008,439.85,-2.3,471.15
353,0.01848,0.51068,317.29,22.298,-0.013,441.61,-2.2638,472.99
354,0.01771,0.59461,299.14,22.333,-0.015,442.09,-2.2568,473.32
355,0.01692,0.67757,280.92,22.393,-0.017,441.36,-2.2766,472.2
356,0.01612,0.75918,262.63,22.478,-0.016,439.68,-2.318,469.93
357,0.01531,0.83906,244.28,22.583,-0.014,437.4,-2.3643,466.9
358,0.0145,0.91672,225.85,22.707,-0.01,434.92,-2.4037,463.58
359,0.01368,0.99119,207.34,22.844,-0.006,432.69,-2.4133,460.43
360,0.01285,1.0618,188.71,22.993,-0.002,431.06,-2.3848,457.9
361,0.01203,1.1273,169.94,23.147,0.002,430.33,-2.3011,456.29
362,0.01121,1.1858,151,23.304,0.005,430.67,-2.1651,455.8
363,0.01039,1.2352,131.81,23.459,0.008,432.12,-1.9645,456.5
364,0.00959,1.2724,112.32,23.608,0.009,434.59,-1.7249,458.28
365,0.0088,1.2947,92.43,23.749,0.009,437.87,-1.4368,460.97
366,0.00803,1.2995,72.02,23.878,0.008,441.67,-1.143,464.25
367,0.0073,1.2861,50.94,23.994,0.006,445.61,-0.8332,467.76
368,0.00662,1.2563,29,24.092,0.003,449.33,-0.5587,471.11
369,0.00599,1.213,6,24.173,0.001,452.47,-0.3143,473.95
370,0.00545,1.1598,341.73,24.235,-0.002,454.76,-0.1363,475.99
371,0.00502,1.1,316.07,24.277,-0.003,456,-0.0208,477.05
372,0.00473,1.0359,289.13,24.299,-0.004,456.12,0.019,477.05
373,0.0046,0.96919,261.33,24.301,-0.005,455.19,-0.011,476.07
374,0.00463,0.90128,233.4,24.284,-0.004,453.37,-0.1024,474.27
375,0.00483,0.83317,206.11,24.248,-0.002,450.94,-0.2414,471.93
376,0.00516,0.76516,179.99,24.194,0,448.21,-0.4128,469.37
377,0.0056,0.69812,155.21,24.123,0.002,445.51,-0.5929,466.93
378,0.00611,0.63232,131.71,24.038,0.005,443.15,-0.766,464.94
379,0.00668,0.56779,109.3,23.94,0.006,441.39,-0.9185,463.62
380,0.00728,0.50498,87.77,23.831,0.007,440.36,-1.0345,463.13
381,0.00789,0.44411,66.93,23.713,0.007,440.1,-1.1142,463.52
382,0.00852,0.38527,46.63,23.589,0.006,440.55,-1.1541,464.67
383,0.00914,0.32835,26.73,23.461,0.004,441.52,-1.1669,466.41
384,0.00975,0.27375,7.15,23.331,0.001,442.73,-1.1568,468.41
385,0.01036,0.22137,347.81,23.201,-0.002,443.85,-1.1435,470.31
386,0.01094,0.1714,328.66,23.075,-0.006,444.55,-1.1355,471.76
387,0.01152,0.12364,309.64,22.954,-0.009,444.52,-1.1495,472.41
388,0.01206,0.0784,290.74,22.841,-0.011,443.53,-1.1971,471.99
389,0.01259,0.03566,271.92,22.738,-0.013,441.5,-1.2901,470.41
390,0.01308,0.00456,253.17,22.646,-0.013,438.44,-1.4295,467.66
391,0.01356,0.04228,234.47,22.568,-0.011,434.55,-1.6189,463.95
392,0.014,0.07749,215.81,22.505,-0.008,430.14,-1.8488,459.58
393,0.01441,0.1101,197.2,22.459,-0.004,425.62,-2.1084,455
394,0.01479,0.14001,178.62,22.43,0,421.42,-2.3735,450.67
395,0.01514,0.16731,160.08,22.419,0.005,418.01,-2.6218,447.07
396,0.01545,0.192,141.57,22.426,0.01,415.75,-2.8261,444.62
397,0.01573,0.214,123.1,22.452,0.013,414.95,-2.9632,443.63
398,0.01598,0.23339,104.68,22.496,0.015,415.75,-3.0054,444.24
399,0.01619,0.24998,86.3,22.558,0.016,418.15,-2.9448,446.49
400,0.01637,0.26387,67.96,22.636,0.015,422.02,-2.7667,450.2
401,0.01651,0.27497,49.68,22.728,0.013,427.04,-2.4844,455.05
402,0.01662,0.28336,31.45,22.834,0.009,432.81,-2.1057,460.63
403,0.0167,0.28905,13.27,22.95,0.004,438.85,-1.6584,466.41
404,0.01673,0.29204,355.15,23.075,-0.001,444.65,-1.1673,471.87
405,0.01674,0.29223,337.09,23.206,-0.007,449.73,-0.669,476.51
406,0.01671,0.28953,319.08,23.341,-0.011,453.68,-0.1915,479.94
407,0.01665,0.28413,301.12,23.476,-0.014,456.24,0.2364,481.88
408,0.01655,0.27593,283.21,23.608,-0.016,457.29,0.5926,482.22
409,0.01643,0.26493,265.34,23.736,-0.016,456.89,0.8594,481.07
410,0.01627,0.25114,247.51,23.856,-0.015,455.22,1.0296,478.64
411,0.01608,0.23464,229.7,23.965,-0.012,452.62,1.1017,475.28
412,0.01586,0.21535,211.9,24.061,-0.008,449.47,1.0845,471.44
413,0.01562,0.19326,194.11,24.142,-0.004,446.21,0.987,467.57
414,0.01535,0.16856,176.31,24.206,0.001,443.23,0.8304,464.1
415,0.01505,0.14107,158.49,24.251,0.006,440.89,0.6313,461.39
416,0.01473,0.11097,140.64,24.276,0.009,439.42,0.4166,459.71
417,0.01439,0.07817,122.72,24.281,0.012,438.94,0.2003,459.19
418,0.01403,0.04277,104.74,24.265,0.014,439.48,0.0049,459.84
419,0.01365,0.00505,86.67,24.228,0.014,440.89,-0.1616,461.52
420,0.01326,0.03518,68.48,24.17,0.012,442.96,-0.2886,464
421,0.01285,0.07772,50.17,24.093,0.01,445.37,-0.3803,466.95
422,0.01242,0.12258,31.69,23.998,0.007,447.76,-0.4391,469.99
423,0.012,0.16937,13.03,23.886,0.003,449.76,-0.4805,472.72
424,0.01156,0.21818,354.16,23.762,-0.001,451.04,-0.5139,474.77
425,0.01112,0.26854,335.06,23.626,-0.005,451.34,-0.5642,475.84
426,0.01069,0.32063,315.69,23.483,-0.007,450.5,-0.6419,475.77
427,0.01026,0.37388,296.02,23.335,-0.009,448.5,-0.768,474.49
428,0.00984,0.428,276.02,23.187,-0.01,445.46,-0.9481,472.09
429,0.00944,0.4828,255.67,23.043,-0.009,441.6,-1.1903,468.81
430,0.00906,0.53769,234.94,22.907,-0.007,437.26,-1.4904,464.96
431,0.00871,0.5921,213.82,22.781,-0.005,432.83,-1.8343,460.94
432,0.00839,0.64554,192.29,22.67,-0.002,428.72,-2.2042,457.16
433,0.00812,0.69715,170.37,22.578,0.001,425.3,-2.5741,454.01
434,0.0079,0.74606,148.08,22.506,0.004,422.86,-2.9176,451.8
435,0.00773,0.7914,125.48,22.456,0.006,421.62,-3.2001,450.74
436,0.00763,0.83201,102.66,22.431,0.007,421.66,-3.4045,450.91
437,0.0076,0.86665,79.7,22.43,0.007,422.91,-3.5008,452.26
438,0.00764,0.89424,56.73,22.454,0.006,425.23,-3.4934,454.6
439,0.00775,0.91372,33.88,22.502,0.004,428.32,-3.3694,457.65
440,0.00793,0.92405,11.24,22.571,0.002,431.84,-3.1551,461.03
441,0.00818,0.92482,348.92,22.66,-0.002,435.43,-2.8536,464.37
442,0.00848,0.91585,326.99,22.766,-0.005,438.7,-2.5058,467.26
443,0.00884,0.89713,305.48,22.885,-0.007,441.33,-2.1248,469.4
444,0.00926,0.86925,284.4,23.014,-0.009,443.11,-1.7531,470.59
445,0.00971,0.83317,263.77,23.149,-0.01,443.93,-1.3994,470.69
446,0.0102,0.78947,243.56,23.285,-0.009,443.78,-1.0965,469.77
447,0.01073,0.73931,223.74,23.42,-0.007,442.8,-0.847,468
448,0.01128,0.68355,204.29,23.549,-0.005,441.24,-0.6641,465.63
449,0.01185,0.62306,185.17,23.669,-0.001,439.39,-0.5392,463.02
450,0.01245,0.55853,166.35,23.777,0.003,437.59,-0.4737,460.53
451,0.01306,0.4908,147.79,23.87,0.007,436.19,-0.4495,458.54
452,0.01368,0.42038,129.47,23.947,0.011,435.46,-0.4537,457.36
453,0.01432,0.34784,111.35,24.005,0.013,435.63,-0.4595,457.22
454,0.01497,0.27365,93.41,24.045,0.015,436.83,-0.447,458.27
455,0.01562,0.19841,75.61,24.064,0.015,439.06,-0.3934,460.5
456,0.01628,0.1222,57.94,24.064,0.014,442.22,-0.2826,463.82
457,0.01695,0.0457,40.37,24.044,0.011,446.07,-0.1092,467.97
458,0.01762,0.031,22.88,24.005,0.007,450.29,0.1201,472.6
459,0.01829,0.1075,5.45,23.95,0.002,454.46,0.3889,477.29
460,0.01896,0.18351,348.06,23.879,-0.004,458.13,0.6711,481.54
461,0.01964,0.25886,330.7,23.796,-0.01,460.84,0.9342,484.89
462,0.02031,0.33314,313.36,23.701,-0.015,462.21,1.1508,486.86
463,0.02098,0.40626,296.02,23.599,-0.019,461.92,1.291,487.14
464,0.02166,0.47803,278.68,23.492,-0.021,459.81,1.3364,485.55
465,0.02232,0.54817,261.33,23.383,-0.022,455.91,1.2697,482.05
466,0.02298,0.61656,243.97,23.275,-0.021,450.4,1.0879,476.84
467,0.02364,0.68284,226.58,23.17,-0.017,443.66,0.7956,470.29
468,0.02429,0.74709,209.18,23.072,-0.012,436.2,0.4088,462.92
469,0.02493,0.80892,191.75,22.984,-0.005,428.62,-0.0507,455.36
470,0.02556,0.86825,174.31,22.906,0.003,421.57,-0.5445,448.28
471,0.02619,0.92497,156.85,22.842,0.01,415.65,-1.0339,442.32
472,0.0268,0.9789,139.38,22.792,0.017,411.41,-1.4694,438.07
473,0.0274,1.0298,121.91,22.757,0.023,409.24,-1.8134,435.94
474,0.02799,1.0778,104.44,22.739,0.027,409.4,-2.0221,436.21
475,0.02856,1.1225,86.98,22.736,0.029,411.94,-2.0713,438.92
476,0.02912,1.1639,69.54,22.749,0.027,416.71,-1.9437,443.93
477,0.02966,1.2018,52.12,22.777,0.023,423.36,-1.6467,450.87
478,0.03018,1.2364,34.72,22.819,0.017,431.39,-1.1968,459.19
479,0.03068,1.2671,17.35,22.872,0.009,440.1,-0.6347,468.17
480,0.03116,1.2944,0.02,22.937,0,448.75,-0.0033,477.01
481,0.03162,1.3177,342.73,23.01,-0.009,456.55,0.6377,484.88
482,0.03205,1.3373,325.48,23.089,-0.018,462.76,1.2427,491.01
483,0.03246,1.3529,308.28,23.173,-0.025,466.81,1.7562,494.81
484,0.03284,1.3646,291.11,23.26,-0.031,468.32,2.1456,495.9
485,0.0332,1.3722,274,23.348,-0.033,467.17,2.3777,494.18
486,0.03352,1.3758,256.92,23.434,-0.033,463.52,2.4494,489.8
487,0.03382,1.3752,239.88,23.516,-0.029,457.76,2.3599,483.24
488,0.03408,1.3707,222.89,23.594,-0.023,450.51,2.1361,475.15
489,0.03431,1.3619,205.92,23.666,-0.015,442.52,1.8023,466.32
490,0.0345,1.349,189,23.73,-0.005,434.57,1.4043,457.61
491,0.03466,1.332,172.1,23.785,0.005,427.45,0.9857,449.81
492,0.03478,1.3109,155.22,23.83,0.015,421.81,0.5957,443.64
493,0.03487,1.2857,138.37,23.864,0.023,418.18,0.2689,439.64
494,0.03492,1.2562,121.54,23.887,0.03,416.9,0.0466,438.17
495,0.03493,1.223,104.72,23.899,0.034,418.09,-0.0581,439.36
496,0.0349,1.1856,87.91,23.898,0.035,421.66,-0.0289,443.12
497,0.03483,1.1442,71.11,23.885,0.033,427.31,0.119,449.12
498,0.03472,1.099,54.32,23.861,0.028,434.55,0.3788,456.87
499,0.03456,1.0498,37.52,23.825,0.021,442.73,0.7129,465.67
500,0.03437,0.99694,20.72,23.777,0.012,451.09,1.0915,474.73
501,0.03413,0.94041,3.91,23.719,0.002,458.83,1.4668,483.21
502,0.03385,0.88021,347.1,23.651,-0.008,465.19,1.8027,490.29
503,0.03352,0.81645,330.27,23.575,-0.017,469.51,2.0565,495.3
504,0.03316,0.7493,313.43,23.492,-0.024,471.35,2.2007,497.74
505,0.03275,0.67869,296.58,23.403,-0.029,470.5,2.2087,497.37
506,0.0323,0.60499,279.71,23.31,-0.032,467.02,2.0747,494.23
507,0.03181,0.5281,262.83,23.214,-0.032,461.22,1.7971,488.64
508,0.03128,0.44832,245.93,23.118,-0.029,453.64,1.3937,481.16
509,0.03071,0.36574,229.03,23.024,-0.023,444.98,0.8839,472.5
510,0.0301,0.28027,212.12,22.935,-0.016,435.98,0.3049,463.45
511,0.02944,0.19239,195.21,22.851,-0.008,427.42,-0.3112,454.79
512,0.02876,0.102,178.32,22.776,0.001,419.94,-0.9177,447.23
513,0.02804,0.00948,161.44,22.712,0.009,414.09,-1.4797,441.34
514,0.02728,0.08525,144.59,22.66,0.016,410.23,-1.9548,437.5
515,0.02649,0.18172,127.79,22.623,0.021,408.53,-2.3194,435.89
516,0.02567,0.27992,111.05,22.601,0.024,408.98,-2.5526,436.48
517,0.02482,0.37967,94.38,22.596,0.025,411.39,-2.6497,439.07
518,0.02395,0.48068,77.82,22.609,0.023,415.42,-2.6185,443.3
519,0.02305,0.58264,61.38,22.639,0.02,420.64,-2.4769,448.71
520,0.02213,0.68538,45.09,22.687,0.016,426.54,-2.2495,454.74
521,0.0212,0.7886,28.97,22.752,0.01,432.62,-1.9621,460.87
522,0.02026,0.89183,13.06,22.833,0.005,438.41,-1.6443,466.6
523,0.01931,0.99495,357.39,22.927,-0.001,443.54,-1.3169,471.53
524,0.01835,1.0974,342.01,23.033,-0.006,447.75,-1.0002,475.39
525,0.01741,1.1988,326.94,23.149,-0.009,450.91,-0.7055,478.1
526,0.01647,1.2984,312.25,23.271,-0.012,453.02,-0.4416,479.63
527,0.01556,1.3959,297.98,23.397,-0.014,454.18,-0.2128,480.14
528,0.01469,1.4904,284.19,23.524,-0.014,454.57,-0.0242,479.84
529,0.01385,1.581,270.92,23.648,-0.014,454.38,0.1274,478.93
530,0.01308,1.667,258.25,23.766,-0.013,453.82,0.2322,477.66
531,0.01239,1.747,246.2,23.876,-0.011,453.07,0.2994,476.24
532,0.0118,1.8202,234.8,23.975,-0.01,452.22,0.3184,474.8
533,0.01132,1.8851,224.02,24.06,-0.008,451.35,0.3096,473.4
534,0.01098,1.9403,213.77,24.13,-0.006,450.43,0.2649,472.06
535,0.0108,1.9848,203.91,24.182,-0.004,449.43,0.2085,470.71
536,0.01078,2.0173,194.23,24.215,-0.003,448.25,0.1283,469.3
537,0.01092,2.0372,184.5,24.228,-0.001,446.83,0.0459,467.74
538,0.01123,2.0441,174.5,24.22,0.001,445.11,-0.0632,465.97
539,0.01168,2.0383,164.06,24.192,0.003,443.08,-0.1829,464.01
540,0.01226,2.0201,153.06,24.144,0.006,440.8,-0.3361,461.88
541,0.01294,1.9908,141.46,24.077,0.008,438.38,-0.5077,459.72
542,0.01372,1.9512,129.25,23.993,0.011,436,-0.7095,457.68
543,0.01457,1.9028,116.48,23.892,0.013,433.86,-0.9171,455.98
544,0.01548,1.8467,103.17,23.778,0.015,432.21,-1.1293,454.85
545,0.01643,1.784,89.39,23.653,0.016,431.24,-1.3168,454.52
546,0.01741,1.7156,75.19,23.519,0.017,431.15,-1.4742,455.14
547,0.01842,1.6426,60.6,23.381,0.016,432.03,-1.5815,456.82
548,0.01944,1.5659,45.68,23.241,0.014,433.89,-1.6316,459.55
549,0.02048,1.4859,30.47,23.103,0.01,436.6,-1.62,463.18
550,0.02151,1.4033,14.99,22.97,0.006,439.95,-1.5479,467.46
551,0.02255,1.3185,359.28,22.846,-0,443.59,-1.4194,472.02
552,0.02358,1.2321,343.37,22.734,-0.007,447.09,-1.2491,476.39
553,0.0246,1.1443,327.28,22.637,-0.013,450,-1.0498,480.05
554,0.0256,1.0555,311.05,22.557,-0.019,451.86,-0.8417,482.48
555,0.0266,0.96601,294.69,22.496,-0.024,452.29,-0.6464,483.29
556,0.02758,0.87591,278.23,22.455,-0.027,451.02,-0.4836,482.17
557,0.02854,0.78561,261.69,22.436,-0.028,447.98,-0.3761,479.04
558,0.02948,0.69522,245.08,22.437,-0.027,443.29,-0.3329,474.01
559,0.0304,0.60502,228.44,22.46,-0.023,437.27,-0.3653,467.44
560,0.0313,0.51492,211.77,22.503,-0.016,430.4,-0.4667,459.87
561,0.03218,0.42549,195.09,22.564,-0.008,423.3,-0.6268,451.95
562,0.03303,0.33645,178.41,22.641,0.001,416.63,-0.8246,444.42
563,0.03386,0.24838,161.75,22.733,0.011,411.07,-1.0316,438.01
564,0.03466,0.16098,145.12,22.837,0.02,407.2,-1.213,433.36
565,0.03544,0.07473,128.51,22.949,0.028,405.51,-1.3357,430.98
566,0.03619,0.01045,111.95,23.067,0.034,406.3,-1.3641,431.22
567,0.03692,0.09438,95.42,23.188,0.037,409.71,-1.2766,434.21
568,0.03762,0.17676,78.93,23.309,0.037,415.66,-1.0509,439.88
569,0.03829,0.2577,62.49,23.428,0.034,423.87,-0.6829,447.93
570,0.03894,0.337,46.09,23.542,0.028,433.87,-0.1771,457.87
571,0.03956,0.41456,29.73,23.649,0.02,444.98,0.445,469.01
572,0.04015,0.49009,13.4,23.747,0.009,456.42,1.1571,480.51
573,0.04072,0.5636,357.1,23.834,-0.002,467.3,1.9177,491.46
574,0.04126,0.63499,340.83,23.908,-0.014,476.74,2.6819,500.94
575,0.04178,0.70416,324.58,23.97,-0.024,483.93,3.3982,508.13
576,0.04227,0.77091,308.34,24.017,-0.033,488.22,4.0231,512.34
577,0.04273,0.83516,292.11,24.05,-0.04,489.2,4.5097,513.17
578,0.04317,0.89671,275.89,24.069,-0.043,486.76,4.8273,510.5
579,0.04358,0.95556,259.67,24.072,-0.043,481.07,4.9455,504.51
580,0.04397,1.0115,243.44,24.062,-0.039,472.62,4.8635,495.71
581,0.04433,1.0645,227.19,24.038,-0.033,462.11,4.5803,484.83
582,0.04466,1.1144,210.93,24,-0.023,450.43,4.1208,472.78
583,0.04498,1.1611,194.64,23.951,-0.011,438.52,3.5168,460.55
584,0.04526,1.2044,178.33,23.89,0.001,427.33,2.8182,449.12
585,0.04552,1.2444,161.99,23.82,0.014,417.72,2.0763,439.39
586,0.04575,1.2808,145.61,23.742,0.026,410.41,1.3553,432.1
587,0.04596,1.3135,129.19,23.656,0.036,405.9,0.7029,427.78
588,0.04614,1.3425,112.73,23.566,0.043,404.5,0.1755,426.77
589,0.04629,1.3677,96.23,23.472,0.046,406.28,-0.1953,429.13
590,0.04642,1.389,79.68,23.376,0.046,411.08,-0.3786,434.68
591,0.04652,1.4064,63.08,23.28,0.041,418.47,-0.3712,443.01
592,0.04659,1.4195,46.44,23.186,0.034,427.84,-0.1729,453.44
593,0.04663,1.4286,29.76,23.096,0.023,438.37,0.1853,465.09
594,0.04664,1.4336,13.03,23.011,0.011,449.09,0.6733,476.94
595,0.04663,1.4342,356.26,22.934,-0.003,458.99,1.2292,487.91
596,0.04658,1.4305,339.45,22.865,-0.016,467.09,1.8006,496.93
597,0.0465,1.4225,322.61,22.806,-0.028,472.57,2.3158,503.1
598,0.0464,1.4099,305.74,22.759,-0.038,474.83,2.7235,505.8
599,0.04626,1.393,288.85,22.724,-0.044,473.62,2.9715,504.72
600,0.04608,1.3717,271.94,22.702,-0.046,469.04,3.0355,499.96
601,0.04588,1.3459,255.02,22.695,-0.044,461.54,2.8996,492.03
602,0.04564,1.3156,238.09,22.701,-0.039,451.86,2.5818,481.66
603,0.04536,1.2808,221.17,22.721,-0.03,440.93,2.1066,469.9
604,0.04505,1.2414,204.26,22.754,-0.019,429.79,1.5268,457.84
605,0.04471,1.1976,187.37,22.8,-0.006,419.43,0.8945,446.57
606,0.04433,1.1494,170.5,22.858,0.007,410.78,0.2815,437.05
607,0.04391,1.0967,153.66,22.926,0.019,404.52,-0.2584,430.05
608,0.04346,1.0398,136.86,23.003,0.03,401.17,-0.6668,426.1
609,0.04297,0.97851,120.1,23.086,0.037,400.97,-0.9118,425.46
610,0.04244,0.91291,103.38,23.175,0.041,403.91,-0.9678,428.13
611,0.04188,0.84317,86.71,23.266,0.042,409.75,-0.8342,433.85
612,0.04128,0.76927,70.09,23.358,0.039,418.02,-0.5223,442.12
613,0.04064,0.69142,53.52,23.448,0.033,428.05,-0.0628,452.25
614,0.03996,0.60971,37,23.534,0.024,439.03,0.507,463.38
615,0.03925,0.52424,20.54,23.614,0.014,450.08,1.1318,474.59
616,0.0385,0.43501,4.13,23.686,0.003,460.31,1.7687,484.95
617,0.03771,0.3423,347.76,23.749,-0.008,468.88,2.3558,493.62
618,0.03689,0.24632,331.45,23.801,-0.018,475.16,2.8542,499.92
619,0.03603,0.14695,315.18,23.84,-0.025,478.7,3.2202,503.4
620,0.03514,0.0446,298.96,23.867,-0.031,479.34,3.4345,503.92
621,0.03422,0.06055,282.78,23.879,-0.033,477.19,3.4781,501.58
622,0.03327,0.1684,266.65,23.878,-0.033,472.59,3.3569,496.76
623,0.03229,0.27867,250.56,23.862,-0.03,466.09,3.081,490.02
624,0.03128,0.39115,234.52,23.833,-0.025,458.36,2.6751,482.05
625,0.03024,0.50547,218.53,23.792,-0.019,450.1,2.168,473.6
626,0.02918,0.62152,202.59,23.739,-0.011,441.99,1.5963,465.37
627,0.0281,0.73892,186.71,23.675,-0.003,434.64,0.9968,457.97
628,0.027,0.85719,170.9,23.604,0.004,428.5,0.4031,451.89
629,0.02588,0.97614,155.16,23.525,0.011,423.89,-0.1534,447.44
630,0.02476,1.0952,139.53,23.443,0.016,420.94,-0.6497,444.76
631,0.02363,1.2139,124.01,23.358,0.02,419.65,-1.0708,443.84
632,0.02249,1.3318,108.63,23.274,0.021,419.87,-1.4094,444.53
633,0.02136,1.4482,93.42,23.192,0.021,421.36,-1.6637,446.53
634,0.02024,1.5623,78.42,23.116,0.02,423.77,-1.8442,449.5
635,0.01914,1.673,63.67,23.046,0.017,426.77,-1.9567,453.05
636,0.01807,1.7798,49.22,22.986,0.014,430,-2.0202,456.81
637,0.01704,1.881,35.13,22.936,0.01,433.18,-2.0434,460.45
638,0.01606,1.9754,21.46,22.899,0.006,436.06,-2.0458,463.73
639,0.01514,2.0611,8.27,22.874,0.002,438.53,-2.0226,466.49
640,0.01432,2.1365,355.6,22.863,-0.001,440.54,-1.9955,468.68
641,0.0136,2.1991,343.5,22.866,-0.004,442.11,-1.9415,470.34
642,0.01301,2.2469,331.96,22.882,-0.006,443.33,-1.8839,471.55
643,0.01256,2.2781,320.92,22.911,-0.008,444.31,-1.7904,472.43
644,0.01229,2.2911,310.29,22.952,-0.009,445.15,-1.6856,473.1
645,0.01218,2.285,299.88,23.002,-0.011,445.89,-1.5369,473.59
646,0.01226,2.2601,289.5,23.062,-0.012,446.56,-1.3774,473.98
647,0.01252,2.2173,278.94,23.128,-0.012,447.1,-1.1811,474.18
648,0.01293,2.1585,268.02,23.198,-0.013,447.41,-0.9869,474.1
649,0.0135,2.0856,256.64,23.271,-0.013,447.35,-0.7809,473.64
650,0.01418,2.0012,244.74,23.345,-0.013,446.8,-0.5982,472.64
651,0.01496,1.9073,232.3,23.417,-0.012,445.63,-0.4357,471
652,0.01583,1.806,219.35,23.485,-0.01,443.8,-0.3174,468.67
653,0.01676,1.6989,205.94,23.549,-0.007,441.32,-0.2427,465.71
654,0.01773,1.5875,192.11,23.605,-0.004,438.32,-0.2217,462.23
655,0.01874,1.473,177.92,23.654,0.001,435,-0.2464,458.47
656,0.01977,1.3564,163.41,23.693,0.006,431.66,-0.3126,454.74
657,0.02082,1.2386,148.62,23.723,0.011,428.65,-0.4069,451.41
658,0.02187,1.1204,133.58,23.742,0.016,426.33,-0.5107,448.86
659,0.02292,1.0021,118.34,23.75,0.02,425.03,-0.5993,447.45
660,0.02396,0.8844,102.91,23.747,0.023,425.05,-0.6528,447.48
661,0.02498,0.76777,87.31,23.734,0.025,426.56,-0.65,449.14
662,0.02599,0.65249,71.56,23.712,0.025,429.62,-0.5711,452.49
663,0.02698,0.53885,55.67,23.679,0.022,434.13,-0.4134,457.41
664,0.02795,0.42713,39.67,23.639,0.018,439.82,-0.1701,463.63
665,0.02888,0.31774,23.54,23.59,0.012,446.29,0.1423,470.71
666,0.02979,0.21066,7.32,23.536,0.004,452.98,0.5092,478.08
667,0.03067,0.10618,351,23.477,-0.005,459.25,0.9018,485.05
668,0.03151,0.00441,334.58,23.414,-0.014,464.45,1.2937,490.9
669,0.03232,0.09457,318.09,23.349,-0.022,467.94,1.6448,494.98
670,0.0331,0.19046,301.51,23.283,-0.028,469.23,1.9287,496.73
671,0.03383,0.28336,284.87,23.217,-0.033,467.99,2.1099,495.79
672,0.03452,0.37298,268.15,23.154,-0.035,464.16,2.1697,492.1
673,0.03518,0.45932,251.38,23.094,-0.033,457.93,2.0912,485.85
674,0.0358,0.54247,234.55,23.039,-0.029,449.76,1.8753,477.51
675,0.03637,0.62206,217.67,22.989,-0.022,440.32,1.5259,467.75
676,0.0369,0.69827,200.74,22.947,-0.013,430.41,1.0737,457.46
677,0.0374,0.77101,183.78,22.912,-0.002,420.89,0.5462,447.53
678,0.03784,0.84027,166.78,22.885,0.009,412.59,-0.0058,438.84
679,0.03825,0.90597,149.76,22.868,0.019,406.26,-0.5382,432.19
680,0.03862,0.96819,132.72,22.86,0.028,402.44,-0.996,428.17
681,0.03894,1.0267,115.67,22.862,0.035,401.52,-1.3372,427.18
682,0.03923,1.0818,98.6,22.874,0.039,403.61,-1.5204,429.34
683,0.03947,1.1332,81.54,22.896,0.039,408.62,-1.5263,434.55
684,0.03967,1.1813,64.47,22.928,0.036,416.17,-1.3419,442.43
685,0.03983,1.2257,47.42,22.969,0.029,425.71,-0.9817,452.34
686,0.03996,1.2666,30.38,23.018,0.02,436.46,-0.4638,463.49
687,0.04004,1.3039,13.35,23.075,0.009,447.52,0.1665,474.92
688,0.04009,1.3378,356.35,23.139,-0.003,457.94,0.8682,485.61
689,0.0401,1.3681,339.38,23.209,-0.014,466.79,1.5785,494.59
690,0.04007,1.395,322.43,23.282,-0.024,473.3,2.25,501.04
691,0.04001,1.4185,305.51,23.359,-0.033,476.91,2.8264,504.41
692,0.03991,1.4386,288.63,23.436,-0.038,477.35,3.2679,504.4
693,0.03978,1.4553,271.77,23.514,-0.04,474.67,3.5419,501.12
694,0.03962,1.4687,254.95,23.59,-0.038,469.25,3.6381,494.95
695,0.03942,1.4788,238.16,23.662,-0.033,461.67,3.5523,486.54
696,0.03919,1.4857,221.4,23.729,-0.026,452.75,3.3059,476.76
697,0.03894,1.4892,204.66,23.789,-0.016,443.36,2.923,466.53
698,0.03865,1.4896,187.95,23.841,-0.005,434.36,2.4502,456.78
699,0.03834,1.4869,171.26,23.883,0.006,426.55,1.9279,448.33
700,0.038,1.481,154.58,23.915,0.016,420.57,1.412,441.88
701,0.03763,1.4721,137.91,23.935,0.025,416.87,0.9405,437.89
702,0.03724,1.4601,121.24,23.943,0.032,415.71,0.5601,436.63
703,0.03682,1.445,104.57,23.937,0.036,417.11,0.2967,438.14
704,0.03638,1.427,87.9,23.918,0.036,420.91,0.1723,442.22
705,0.03592,1.4061,71.2,23.886,0.034,426.72,0.1846,448.5
706,0.03543,1.3821,54.49,23.841,0.029,434,0.3317,456.39
707,0.03492,1.3554,37.74,23.783,0.021,442.06,0.5834,465.19
708,0.03439,1.3258,20.96,23.714,0.012,450.14,0.9125,474.08
709,0.03384,1.2934,4.14,23.635,0.002,457.47,1.2755,482.25
710,0.03327,1.2582,347.26,23.547,-0.007,463.32,1.6325,488.93
711,0.03269,1.2203,330.33,23.452,-0.016,467.1,1.9323,493.48
712,0.03208,1.1797,313.34,23.353,-0.023,468.43,2.1417,495.47
713,0.03146,1.1363,296.28,23.251,-0.028,467.15,2.2238,494.72
714,0.03081,1.0904,279.16,23.149,-0.03,463.38,2.159,491.32
715,0.03015,1.0419,261.97,23.049,-0.03,457.46,1.937,485.62
716,0.02948,0.99086,244.7,22.954,-0.027,449.96,1.5661,478.2
717,0.02878,0.93732,227.36,22.867,-0.021,441.57,1.0646,469.76
718,0.02808,0.88127,209.95,22.789,-0.014,433.03,0.4723,461.1
719,0.02735,0.82301,192.47,22.723,-0.006,425.08,-0.1703,453
720,0.02661,0.76223,174.93,22.671,0.002,418.38,-0.8077,446.13
721,0.02586,0.69914,157.32,22.633,0.01,413.42,-1.3959,441.04
722,0.02509,0.63393,139.65,22.612,0.016,410.55,-1.8846,438.08
723,0.02431,0.5664,121.93,22.608,0.021,409.9,-2.2444,437.42
724,0.02351,0.49694,104.15,22.62,0.023,411.43,-2.4532,438.99
725,0.02271,0.42527,86.33,22.65,0.023,414.9,-2.5079,442.53
726,0.02189,0.35156,68.45,22.694,0.02,419.91,-2.4122,447.63
727,0.02106,0.27603,50.53,22.754,0.016,425.94,-2.1885,453.75
728,0.02022,0.19866,32.56,22.826,0.011,432.42,-1.8617,460.24
729,0.01937,0.11965,14.53,22.91,0.005,438.73,-1.4648,466.51
730,0.01852,0.039,356.44,23.002,-0.001,444.35,-1.0346,471.96
731,0.01766,0.04328,338.28,23.101,-0.007,448.81,-0.6072,476.15
732,0.01679,0.12702,320.03,23.203,-0.011,451.84,-0.2141,478.77
733,0.01592,0.21211,301.67,23.307,-0.014,453.32,0.1109,479.74
734,0.01505,0.29825,283.18,23.41,-0.015,453.32,0.3504,479.15
735,0.01418,0.38546,264.52,23.51,-0.014,452.06,0.4887,477.26
736,0.01332,0.47354,245.65,23.604,-0.012,449.9,0.5249,474.45
737,0.01247,0.56229,226.53,23.691,-0.009,447.26,0.4678,471.18
738,0.01163,0.65162,207.1,23.769,-0.005,444.57,0.3359,467.91
739,0.01082,0.74114,187.28,23.836,-0.001,442.23,0.1534,465.08
740,0.01003,0.83057,166.99,23.891,0.002,440.56,-0.051,463.02
741,0.00927,0.9197,146.12,23.934,0.005,439.78,-0.253,461.97
742,0.00857,1.0081,124.57,23.964,0.007,439.95,-0.4311,461.99
743,0.00794,1.0951,102.21,23.98,0.008,441.03,-0.5738,463.03
744,0.00738,1.18,78.96,23.983,0.007,442.84,-0.6817,464.9
745,0.00693,1.2618,54.78,23.974,0.006,445.08,-0.7539,467.32
746,0.0066,1.3392,29.73,23.952,0.003,447.42,-0.8035,469.89
747,0.00642,1.4102,4.04,23.919,0,449.47,-0.8364,472.24
748,0.00638,1.4718,338.07,23.875,-0.002,450.88,-0.8761,473.96
749,0.0065,1.5202,312.23,23.821,-0.005,451.38,-0.9154,474.78
750,0.00677,1.5506,286.92,23.76,-0.006,450.78,-0.9937,474.51
751,0.00715,1.558,262.37,23.692,-0.007,449.06,-1.0828,473.08
752,0.00763,1.54,238.69,23.619,-0.007,446.33,-1.2269,470.61
753,0.00819,1.498,215.85,23.541,-0.005,442.82,-1.3889,467.33
754,0.0088,1.4365,193.77,23.462,-0.002,438.9,-1.5981,463.64
755,0.00946,1.3608,172.35,23.381,0.001,434.97,-1.8199,459.92
756,0.01014,1.2754,151.47,23.301,0.005,431.46,-2.0565,456.64
757,0.01084,1.184,131.04,23.223,0.008,428.77,-2.2732,454.2
758,0.01154,1.089,110.98,23.149,0.011,427.18,-2.4572,452.94
759,0.01225,0.99196,91.22,23.079,0.012,426.89,-2.5804,453
760,0.01295,0.89414,71.7,23.014,0.012,427.92,-2.633,454.45
761,0.01364,0.79623,52.38,22.956,0.011,430.16,-2.6047,457.14
762,0.01432,0.69918,33.22,22.905,0.008,433.33,-2.4944,460.79
763,0.01498,0.60309,14.2,22.863,0.004,437.05,-2.316,464.98
764,0.01562,0.50865,355.3,22.829,-0.001,440.83,-2.0863,469.18
765,0.01624,0.41604,336.49,22.805,-0.006,444.17,-1.8311,472.88
766,0.01684,0.32565,317.77,22.79,-0.011,446.61,-1.5731,475.56
767,0.0174,0.23748,299.12,22.785,-0.015,447.76,-1.3471,476.81
768,0.01794,0.15201,280.53,22.79,-0.018,447.42,-1.1704,476.42
769,0.01845,0.06904,262.01,22.805,-0.018,445.54,-1.0623,474.34
770,0.01892,0.01083,243.54,22.829,-0.017,442.3,-1.0255,470.74
771,0.01937,0.08782,225.12,22.863,-0.014,438.03,-1.0626,466.02
772,0.01978,0.16161,206.74,22.905,-0.009,433.22,-1.1519,460.66
773,0.02015,0.23223,188.42,22.956,-0.003,428.43,-1.2788,455.3
774,0.02049,0.29947,170.13,23.013,0.004,424.23,-1.4093,450.53
775,0.02079,0.36333,151.89,23.077,0.01,421.15,-1.5193,446.93
776,0.02106,0.42372,133.69,23.145,0.015,419.6,-1.5727,444.91
777,0.02128,0.48054,115.52,23.217,0.019,419.85,-1.5514,444.8
778,0.02147,0.5337,97.39,23.292,0.021,421.98,-1.4358,446.66
779,0.02162,0.58328,79.29,23.367,0.021,425.88,-1.2211,450.38
780,0.02173,0.6292,61.22,23.442,0.019,431.27,-0.9053,455.69
781,0.0218,0.67136,43.18,23.514,0.015,437.71,-0.5087,462.09
782,0.02184,0.70985,25.16,23.583,0.009,444.62,-0.0484,469
783,0.02184,0.74458,7.15,23.647,0.003,451.37,0.4401,475.77
784,0.0218,0.77564,349.15,23.703,-0.004,457.31,0.9215,481.7
785,0.02172,0.80294,331.16,23.752,-0.01,461.88,1.3532,486.23
786,0.02161,0.82658,313.16,23.792,-0.016,464.64,1.7071,488.91
787,0.02146,0.84654,295.15,23.821,-0.019,465.35,1.9445,489.47
788,0.02128,0.86294,277.12,23.84,-0.021,463.97,2.0538,487.92
789,0.02107,0.87577,259.06,23.847,-0.021,460.7,2.0201,484.45
790,0.02082,0.88513,240.95,23.842,-0.018,455.92,1.8525,479.44
791,0.02054,0.89111,222.8,23.825,-0.014,450.15,1.5634,473.47
792,0.02024,0.89372,204.59,23.797,-0.008,444,1.1813,467.16
793,0.01991,0.89295,186.3,23.757,-0.002,438.08,0.734,461.14
794,0.01955,0.88928,167.92,23.708,0.004,432.95,0.2615,456.01
795,0.01917,0.88243,149.45,23.649,0.01,429.06,-0.2066,452.23
796,0.01877,0.87278,130.87,23.583,0.014,426.7,-0.6325,450.1
797,0.01835,0.86034,112.17,23.511,0.017,426,-0.9887,449.75
798,0.01792,0.84529,93.33,23.434,0.018,426.92,-1.249,451.12
799,0.01748,0.82783,74.35,23.356,0.017,429.22,-1.4009,453.98
800,0.01702,0.80805,55.2,23.277,0.014,432.53,-1.4347,457.91
801,0.01656,0.78615,35.89,23.2,0.01,436.39,-1.3625,462.41
802,0.01611,0.76252,16.39,23.128,0.005,440.25,-1.2063,466.91
803,0.01565,0.73705,356.7,23.062,-0.001,443.6,-0.9974,470.83
804,0.01521,0.71014,336.81,23.004,-0.006,445.98,-0.7765,473.69
805,0.01477,0.68197,316.71,22.956,-0.01,447.08,-0.5822,475.12
806,0.01436,0.65284,296.39,22.919,-0.013,446.74,-0.4468,474.97
807,0.01397,0.62293,275.86,22.894,-0.014,445.01,-0.3952,473.27
808,0.01361,0.59264,255.12,22.882,-0.013,442.12,-0.4384,470.27
809,0.01329,0.56206,234.18,22.883,-0.011,438.45,-0.5753,466.36
810,0.01302,0.53157,213.04,22.896,-0.007,434.48,-0.7883,462.06
811,0.01279,0.50147,191.74,22.922,-0.003,430.73,-1.0523,457.94
812,0.01262,0.47205,170.31,22.959,0.002,427.7,-1.3342,454.51
813,0.01251,0.44359,148.78,23.005,0.006,425.78,-1.5956,452.21
814,0.01246,0.41649,127.21,23.06,0.01,425.26,-1.803,451.37
815,0.01248,0.39083,105.65,23.122,0.012,426.27,-1.928,452.11
816,0.01256,0.36719,84.15,23.188,0.012,428.74,-1.9518,454.38
817,0.01272,0.34558,62.75,23.256,0.011,432.48,-1.8609,457.97
818,0.01294,0.32648,41.52,23.325,0.009,437.11,-1.6626,462.5
819,0.01322,0.30999,20.48,23.392,0.005,442.17,-1.3646,467.49
820,0.01356,0.29648,359.66,23.455,-0,447.13,-0.9924,472.37
821,0.01395,0.28596,339.09,23.512,-0.005,451.45,-0.5772,476.59
822,0.0144,0.27883,318.76,23.563,-0.009,454.64,-0.1569,479.68
823,0.01488,0.27487,298.69,23.606,-0.013,456.34,0.2366,481.23
824,0.01541,0.27439,278.87,23.639,-0.015,456.35,0.5617,481.04
825,0.01597,0.27738,259.28,23.663,-0.016,454.63,0.7966,479.11
826,0.01656,0.28374,239.92,23.676,-0.014,451.38,0.9188,475.6
827,0.01718,0.29349,220.76,23.678,-0.011,446.92,0.9236,470.88
828,0.01782,0.30641,201.78,23.671,-0.007,441.73,0.8124,465.46
829,0.01847,0.32243,182.98,23.654,-0.001,436.37,0.6026,459.91
830,0.01914,0.34143,164.33,23.628,0.005,431.41,0.3118,454.82
831,0.01982,0.36323,145.81,23.594,0.011,427.39,-0.0212,450.76
832,0.02051,0.38745,127.41,23.553,0.016,424.74,-0.3703,448.18
833,0.0212,0.41407,109.12,23.507,0.02,423.77,-0.6942,447.41
834,0.0219,0.44273,90.92,23.457,0.022,424.63,-0.9656,448.58
835,0.0226,0.47321,72.8,23.404,0.022,427.27,-1.1553,451.66
836,0.0233,0.50524,54.75,23.349,0.019,431.49,-1.2466,456.41
837,0.02399,0.53852,36.77,23.296,0.014,436.88,-1.2329,462.42
838,0.02469,0.57286,18.84,23.243,0.008,442.92,-1.1185,469.1
839,0.02538,0.60798,0.96,23.194,0,448.98,-0.92,475.79
840,0.02606,0.64377,343.13,23.149,-0.008,454.37,-0.6617,481.76
841,0.02674,0.67994,325.34,23.109,-0.015,458.47,-0.3752,486.34
842,0.0274,0.71612,307.59,23.075,-0.022,460.73,-0.0958,488.93
843,0.02806,0.75239,289.88,23.048,-0.026,460.81,0.1409,489.17
844,0.02871,0.78837,272.21,23.028,-0.029,458.57,0.3048,486.92
845,0.02934,0.82378,254.57,23.014,-0.028,454.14,0.3732,482.28
846,0.02997,0.8588,236.97,23.009,-0.025,447.89,0.3361,475.69
847,0.03058,0.89285,219.41,23.01,-0.019,440.38,0.1932,467.7
848,0.03117,0.92603,201.88,23.019,-0.012,432.32,-0.0416,459.09
849,0.03175,0.95816,184.39,23.034,-0.002,424.49,-0.3414,450.69
850,0.03231,0.98913,166.94,23.056,0.007,417.63,-0.6736,443.31
851,0.03286,1.0187,149.52,23.083,0.017,412.44,-0.9985,437.64
852,0.03338,1.0468,132.13,23.116,0.025,409.43,-1.2773,434.29
853,0.03389,1.0732,114.79,23.152,0.031,408.96,-1.4729,433.59
854,0.03437,1.098,97.47,23.193,0.034,411.17,-1.5552,435.73
855,0.03484,1.121,80.19,23.237,0.034,415.98,-1.5089,440.59
856,0.03527,1.1419,62.95,23.283,0.031,423.07,-1.3256,447.87
857,0.03569,1.161,45.74,23.331,0.026,431.94,-1.0126,457
858,0.03608,1.1779,28.56,23.379,0.017,441.88,-0.5877,467.24
859,0.03644,1.1926,11.41,23.428,0.007,452.05,-0.0821,477.72
860,0.03677,1.205,354.29,23.476,-0.004,461.57,0.4672,487.5
861,0.03708,1.2151,337.2,23.522,-0.014,469.55,1.0154,495.65
862,0.03736,1.2227,320.14,23.567,-0.024,475.25,1.5234,501.42
863,0.0376,1.2277,303.11,23.608,-0.031,478.12,1.9442,504.19
864,0.03781,1.2302,286.1,23.645,-0.036,477.88,2.252,503.71
865,0.03799,1.2299,269.11,23.678,-0.038,474.57,2.4167,500.03
866,0.03813,1.227,252.14,23.706,-0.036,468.53,2.4338,493.51
867,0.03824,1.2212,235.2,23.727,-0.031,460.36,2.3025,484.78
868,0.0383,1.2126,218.26,23.741,-0.024,450.85,2.0399,474.67
869,0.03834,1.201,201.35,23.748,-0.014,440.89,1.6686,464.15
870,0.03833,1.1864,184.44,23.747,-0.003,431.37,1.2266,454.14
871,0.03828,1.1688,167.54,23.737,0.008,423.12,0.7491,445.51
872,0.03819,1.148,150.65,23.718,0.019,416.82,0.2808,438.96
873,0.03806,1.1241,133.76,23.691,0.027,412.93,-0.1488,435.03
874,0.03789,1.0969,116.86,23.654,0.034,411.74,-0.5005,433.95
875,0.03767,1.0665,99.96,23.608,0.037,413.27,-0.7548,435.8
876,0.03741,1.0328,83.05,23.554,0.037,417.31,-0.8943,440.35
877,0.0371,0.99569,66.13,23.492,0.034,423.45,-0.9191,447.16
878,0.03675,0.95517,49.2,23.424,0.028,431.09,-0.8311,455.59
879,0.03636,0.91128,32.24,23.349,0.019,439.46,-0.658,464.84
880,0.03591,0.86381,15.27,23.271,0.009,447.74,-0.4214,474.04
881,0.03542,0.81278,358.28,23.191,-0.001,455.1,-0.1625,482.3
882,0.03489,0.75847,341.27,23.109,-0.011,460.78,0.0867,488.78
883,0.03431,0.70039,324.24,23.029,-0.02,464.2,0.2846,492.89
884,0.03368,0.63875,307.2,22.953,-0.027,465.04,0.4056,494.22
885,0.03301,0.57354,290.14,22.882,-0.031,463.22,0.425,492.71
886,0.0323,0.50485,273.09,22.819,-0.032,458.98,0.3361,488.58
887,0.03153,0.4324,256.03,22.765,-0.031,452.8,0.1371,482.29
888,0.03073,0.35639,238.98,22.723,-0.026,445.31,-0.1513,474.56
889,0.02988,0.2768,221.96,22.694,-0.02,437.3,-0.5103,466.17
890,0.02899,0.19364,204.97,22.68,-0.012,429.51,-0.9032,457.95
891,0.02806,0.10682,188.04,22.681,-0.004,422.66,-1.2968,450.64
892,0.02709,0.01653,171.17,22.698,0.004,417.3,-1.6515,444.83
893,0.02608,0.07734,154.39,22.731,0.011,413.81,-1.9405,440.95
894,0.02504,0.17458,137.71,22.779,0.017,412.39,-2.1306,439.17
895,0.02396,0.27549,121.16,22.842,0.021,413.02,-2.2173,439.52
896,0.02286,0.37967,104.77,22.919,0.022,415.52,-2.189,441.78
897,0.02172,0.48724,88.56,23.007,0.022,419.56,-2.0595,445.62
898,0.02057,0.59808,72.57,23.104,0.02,424.69,-1.8401,450.54
899,0.01939,0.7121,56.84,23.208,0.016,430.43,-1.563,456.05
900,0.0182,0.82931,41.42,23.317,0.012,436.27,-1.2494,461.64
901,0.01701,0.94971,26.35,23.428,0.008,441.77,-0.9356,466.86
902,0.01582,1.073,11.72,23.538,0.003,446.6,-0.6448,471.34
903,0.01464,1.1992,357.62,23.644,-0.001,450.52,-0.4046,474.89
904,0.01348,1.3283,344.15,23.743,-0.004,453.45,-0.2255,477.4
905,0.01237,1.4599,331.47,23.834,-0.006,455.42,-0.1232,478.96
906,0.01133,1.5942,319.74,23.914,-0.007,456.56,-0.0912,479.7
907,0.0104,1.7309,309.13,23.98,-0.008,457.06,-0.1297,479.85
908,0.0096,1.8698,299.8,24.033,-0.008,457.14,-0.2232,479.64
909,0.009,2.0109,291.77,24.069,-0.008,456.99,-0.3615,479.27
910,0.00864,2.1537,284.85,24.089,-0.008,456.74,-0.5241,478.89
911,0.00856,2.2975,278.53,24.092,-0.008,456.44,-0.7,478.56
912,0.00878,2.4393,272.13,24.078,-0.009,456.07,-0.8768,478.25
913,0.00927,2.5309,264.95,24.048,-0.009,455.52,-1.0058,477.85
914,0.01,2.4435,256.6,24.001,-0.01,454.62,-0.9814,477.17
915,0.01093,2.3276,246.94,23.94,-0.01,453.2,-0.9316,476.03
916,0.012,2.2077,236.04,23.866,-0.01,451.08,-0.888,474.22
917,0.01318,2.086,224.07,23.78,-0.009,448.13,-0.862,471.6
918,0.01445,1.9632,211.2,23.685,-0.007,444.34,-0.8722,468.14
919,0.01577,1.8394,197.6,23.582,-0.005,439.78,-0.9282,463.9
920,0.01714,1.7151,183.4,23.475,-0.001,434.68,-1.0429,459.1
921,0.01853,1.5903,168.71,23.366,0.004,429.36,-1.2217,454.08
922,0.01994,1.4651,153.61,23.256,0.009,424.25,-1.4585,449.25
923,0.02136,1.3401,138.18,23.15,0.014,419.81,-1.7393,445.12
924,0.02279,1.2151,122.47,23.049,0.019,416.51,-2.0414,442.14
925,0.02421,1.0905,106.52,22.956,0.023,414.76,-2.334,440.78
926,0.02563,0.9662,90.37,22.872,0.026,414.87,-2.5818,441.34
927,0.02704,0.84272,74.06,22.799,0.026,416.99,-2.7508,443.98
928,0.02843,0.72011,57.61,22.739,0.024,421.11,-2.8121,448.68
929,0.0298,0.59846,41.04,22.692,0.02,426.99,-2.7447,455.19
930,0.03115,0.47817,24.38,22.661,0.013,434.21,-2.5408,463.07
931,0.03248,0.35922,7.64,22.643,0.004,442.15,-2.2054,471.63
932,0.03379,0.24182,350.85,22.641,-0.005,450.07,-1.751,480.1
933,0.03507,0.12615,334.01,22.652,-0.015,457.15,-1.211,487.58
934,0.03632,0.01251,317.15,22.678,-0.025,462.6,-0.6184,493.25
935,0.03754,0.09901,300.27,22.715,-0.032,465.74,-0.0154,496.37
936,0.03872,0.20831,283.38,22.764,-0.038,466.11,0.5548,496.47
937,0.03988,0.31529,266.49,22.823,-0.04,463.54,1.0479,493.39
938,0.041,0.41948,249.62,22.891,-0.038,458.18,1.4337,487.3
939,0.04208,0.52096,232.76,22.965,-0.034,450.47,1.6835,478.68
940,0.04313,0.61965,215.92,23.044,-0.025,441.15,1.7909,468.33
941,0.04414,0.71525,199.1,23.127,-0.014,431.11,1.7522,457.22
942,0.04511,0.80757,182.31,23.212,-0.002,421.33,1.5915,446.4
943,0.04604,0.89661,165.55,23.297,0.011,412.78,1.3333,436.9
944,0.04693,0.98218,148.82,23.381,0.024,406.3,1.0264,429.62
945,0.04779,1.0642,132.12,23.462,0.035,402.59,0.7143,425.28
946,0.0486,1.1425,115.45,23.54,0.044,402.11,0.4552,424.38
947,0.04938,1.2169,98.81,23.613,0.049,405.08,0.287,427.14
948,0.05011,1.2874,82.19,23.68,0.05,411.44,0.2573,433.5
949,0.0508,1.354,65.6,23.74,0.046,420.86,0.3806,443.11
950,0.05145,1.4163,49.03,23.792,0.039,432.75,0.6707,455.35
951,0.05206,1.4745,32.49,23.836,0.028,446.25,1.1087,469.3
952,0.05264,1.5283,15.96,23.871,0.014,460.32,1.6761,483.9
953,0.05317,1.5779,359.44,23.897,-0.001,473.78,2.3267,497.91
954,0.05366,1.6229,342.94,23.912,-0.016,485.43,3.0182,510.04
955,0.05411,1.6635,326.45,23.918,-0.03,494.15,3.6832,519.18
956,0.05452,1.6996,309.96,23.913,-0.042,499.09,4.2759,524.4
957,0.05489,1.7312,293.48,23.898,-0.05,499.7,4.7308,525.14
958,0.05523,1.758,276.99,23.872,-0.055,495.86,5.011,521.26
959,0.05552,1.7803,260.49,23.836,-0.055,487.87,5.0763,513.07
960,0.05578,1.7978,243.99,23.791,-0.05,476.42,4.9177,501.31
961,0.056,1.8108,227.47,23.736,-0.041,462.52,4.5322,486.99
962,0.05618,1.8191,210.94,23.673,-0.029,447.37,3.9503,471.39
963,0.05632,1.8227,194.38,23.603,-0.014,432.24,3.205,455.83
964,0.05642,1.8217,177.8,23.526,0.002,418.32,2.36,441.56
965,0.05649,1.8161,161.2,23.444,0.018,406.69,1.4728,429.7
966,0.05652,1.8057,144.56,23.359,0.033,398.17,0.6208,421.12
967,0.05652,1.7909,127.89,23.272,0.045,393.33,-0.1371,416.44
968,0.05648,1.7715,111.18,23.185,0.053,392.47,-0.7356,415.95
969,0.0564,1.7476,94.44,23.1,0.056,395.58,-1.138,419.68
970,0.05628,1.7193,77.67,23.019,0.055,402.38,-1.3119,427.3
971,0.05613,1.6866,60.87,22.943,0.049,412.28,-1.257,438.2
972,0.05594,1.6496,44.03,22.876,0.039,424.45,-0.9824,451.5
973,0.05572,1.6082,27.17,22.819,0.025,437.85,-0.5337,466.07
974,0.05546,1.5627,10.29,22.773,0.01,451.25,0.0484,480.6
975,0.05516,1.5131,353.39,22.74,-0.006,463.43,0.6969,493.77
976,0.05482,1.4595,336.49,22.721,-0.022,473.23,1.353,504.3
977,0.05445,1.4019,319.58,22.718,-0.035,479.71,1.9476,511.24
978,0.05405,1.3406,302.68,22.729,-0.045,482.28,2.4346,513.92
979,0.0536,1.2753,285.79,22.756,-0.052,480.76,2.7677,512.13
980,0.05312,1.2065,268.93,22.798,-0.053,475.41,2.93,506.18
981,0.0526,1.1341,252.09,22.853,-0.05,466.86,2.9094,496.74
982,0.05205,1.0583,235.3,22.922,-0.043,456.05,2.7247,484.86
983,0.05145,0.97919,218.55,23.001,-0.032,444.1,2.4003,471.71
984,0.05082,0.89671,201.85,23.088,-0.019,432.16,1.9806,458.54
985,0.05015,0.81124,185.2,23.182,-0.005,421.31,1.507,446.53
986,0.04944,0.72277,168.62,23.28,0.01,412.47,1.0364,436.65
987,0.0487,0.63132,152.09,23.379,0.023,406.31,0.6113,429.62
988,0.04792,0.53717,135.63,23.476,0.034,403.26,0.2758,425.91
989,0.0471,0.44031,119.24,23.569,0.041,403.49,0.0493,425.68
990,0.04624,0.34105,102.9,23.655,0.045,406.9,-0.0467,428.85
991,0.04535,0.23927,86.62,23.732,0.045,413.16,-0.018,435.05
992,0.04442,0.13538,70.41,23.797,0.042,421.73,0.1256,443.72
993,0.04345,0.02926,54.25,23.85,0.035,431.87,0.3599,454.12
994,0.04245,0.07878,38.14,23.887,0.026,442.75,0.6637,465.35
995,0.04142,0.18876,22.08,23.909,0.016,453.46,1.0017,476.48
996,0.04035,0.30038,6.06,23.915,0.004,463.12,1.3424,486.61
997,0.03925,0.41363,350.1,23.904,-0.007,470.95,1.6499,494.89
998,0.03811,0.52833,334.17,23.877,-0.017,476.36,1.8921,500.72
999,0.03695,0.64419,318.29,23.835,-0.025,478.97,2.0372,503.72
1000,0.03576,0.76121,302.46,23.778,-0.03,478.69,2.0639,503.77
1001,0.03455,,286.67,23.709,-0.033,475.7,,501.04
1002,0.03332,,270.94,23.629,-0.033,470.39,,495.92
1003,0.03206,,255.27,23.541,-0.031,463.34,,488.99
1004,0.03079,,239.68,23.447,-0.027,455.21,,480.95
1005,0.02951,,224.17,23.35,-0.021,446.71,,472.51
1006,0.02822,,208.78,23.253,-0.014,438.48,,464.34
1007,0.02694,,193.52,23.158,-0.006,431.06,,457
1008,0.02565,,178.43,23.069,0.001,424.88,,450.92
1009,0.02438,,163.54,22.989,0.007,420.18,,446.36
1010,0.02314,,148.9,22.919,0.012,417.06,,443.42
1011,0.02193,,134.56,22.862,0.016,415.5,,442.05
1012,0.02077,,120.56,22.819,0.018,415.32,,442.09
1013,0.01967,,106.98,22.792,0.019,416.31,,443.29
1014,0.01866,,93.84,22.781,0.019,418.21,,445.35
1015,0.01775,,81.21,22.787,0.018,420.73,,448.02
1016,0.01696,,69.1,22.809,0.016,423.66,,451.02
1017,0.01633,,57.51,22.847,0.014,426.82,,454.19
1018,0.01588,,46.37,22.898,0.011,430.1,,457.39
1019,0.01561,,35.57,22.961,0.009,433.46,,460.62
1020,0.01556,,24.96,23.034,0.007,436.9,,463.87
1021,0.01571,,14.37,23.114,0.004,440.45,,467.19
1022,0.01608,,3.6,23.2,0.001,444.14,,470.63
1023,0.01663,,352.52,23.288,-0.002,447.94,,474.15
1024,0.01736,,341.02,23.377,-0.006,451.77,,477.72
1025,0.01824,,329.05,23.463,-0.009,455.49,,481.16
1026,0.01924,,316.6,23.544,-0.013,458.86,,484.24
1027,0.02035,,303.67,23.619,-0.017,461.59,,486.69
1028,0.02155,,290.32,23.686,-0.02,463.38,,488.2
1029,0.02281,,276.57,23.742,-0.023,463.91,,488.43
1030,0.02412,,262.47,23.788,-0.024,462.95,,487.15
1031,0.02546,,248.06,23.822,-0.024,460.36,,484.23
1032,0.02684,,233.38,23.843,-0.022,456.14,,479.67
1033,0.02823,,218.45,23.852,-0.018,450.48,,473.67
1034,0.02963,,203.31,23.848,-0.012,443.71,,466.57
1035,0.03103,,187.97,23.833,-0.004,436.33,,458.89
1036,0.03242,,172.47,23.806,0.004,428.94,,451.26
1037,0.0338,,156.8,23.769,0.013,422.18,,444.35
1038,0.03517,,140.99,23.722,0.022,416.69,,438.82
1039,0.03651,,125.05,23.667,0.03,413.07,,435.29
1040,0.03783,,108.99,23.605,0.036,411.74,,434.21
1041,0.03912,,92.81,23.537,0.039,413.01,,435.9
1042,0.04038,,76.53,23.465,0.039,416.92,,440.41
1043,0.0416,,60.15,23.39,0.036,423.33,,447.58
1044,0.04279,,43.68,23.314,0.03,431.82,,456.97
1045,0.04394,,27.13,23.238,0.02,441.74,,467.89
1046,0.04504,,10.5,23.163,0.008,452.23,,479.41
1047,0.0461,,353.79,23.091,-0.005,462.28,,490.48
1048,0.04712,,337.02,23.023,-0.018,470.83,,499.95
1049,0.04809,,320.19,22.961,-0.031,476.88,,506.76
1050,0.04901,,303.3,22.905,-0.041,479.64,,510.04
1051,0.04988,,286.36,22.856,-0.048,478.62,,509.24
1052,0.0507,,269.38,22.815,-0.051,473.72,,504.27
1053,0.05146,,252.37,22.784,-0.049,465.27,,495.46
1054,0.05218,,235.32,22.762,-0.043,453.98,,483.58
1055,0.05284,,218.25,22.75,-0.033,440.9,,469.71
1056,0.05345,,201.16,22.749,-0.019,427.23,,455.15
1057,0.054,,184.05,22.759,-0.004,414.23,,441.24
1058,0.05451,,166.94,22.781,0.012,403.08,,429.26
1059,0.05495,,149.83,22.814,0.028,394.8,,420.27
1060,0.05534,,132.73,22.858,0.041,390.12,,415.08
1061,0.05568,,115.64,22.913,0.05,389.51,,414.16
1062,0.05597,,98.56,22.978,0.055,393.12,,417.67
1063,0.0562,,81.51,23.052,0.056,400.77,,425.42
1064,0.05638,,64.49,23.135,0.051,411.96,,436.87
1065,0.0565,,47.51,23.225,0.042,425.9,,451.17
1066,0.05657,,30.56,23.32,0.029,441.51,,467.17
1067,0.0566,,13.65,23.419,0.013,457.51,,483.55
1068,0.05657,,356.79,23.52,-0.003,472.56,,498.85
1069,0.05649,,339.97,23.62,-0.019,485.33,,511.72
1070,0.05636,,323.2,23.718,-0.034,494.68,,520.97
1071,0.05619,,306.48,23.812,-0.045,499.82,,525.8
1072,0.05597,,289.79,23.898,-0.053,500.35,,525.81
1073,0.0557,,273.15,23.976,-0.056,496.35,,521.12
1074,0.05539,,256.55,24.043,-0.054,488.33,,512.3
1075,0.05504,,239.98,24.096,-0.048,477.17,,500.28
1076,0.05464,,223.44,24.134,-0.038,463.99,,486.24
1077,0.0542,,206.91,24.157,-0.025,450.04,,471.5
1078,0.05373,,190.41,24.161,-0.01,436.53,,457.32
1079,0.05321,,173.91,24.147,0.006,424.54,,444.83
1080,0.05266,,157.41,24.115,0.02,414.96,,434.96
1081,0.05207,,140.9,24.063,0.033,408.42,,428.36
1082,0.05144,,124.38,23.993,0.042,405.27,,425.41
1083,0.05078,,107.82,23.906,0.048,405.59,,426.2
1084,0.05009,,91.24,23.802,0.05,409.2,,430.51
1085,0.04936,,74.61,23.684,0.048,415.66,,437.92
1086,0.0486,,57.93,23.554,0.041,424.29,,447.71
1087,0.04781,,41.2,23.416,0.031,434.24,,458.97
1088,0.047,,24.4,23.271,0.019,444.53,,470.65
1089,0.04615,,7.54,23.124,0.006,454.12,,481.64
1090,0.04528,,350.61,22.979,-0.007,462.03,,490.88
1091,0.04438,,333.61,22.839,-0.02,467.44,,497.46
1092,0.04345,,316.55,22.708,-0.03,469.8,,500.73
1093,0.0425,,299.42,22.591,-0.037,468.86,,500.43
1094,0.04152,,282.24,22.491,-0.041,464.75,,496.63
1095,0.04052,,265.01,22.411,-0.04,457.93,,489.81
1096,0.0395,,247.74,22.353,-0.037,449.13,,480.73
1097,0.03846,,230.45,22.32,-0.03,439.25,,470.34
1098,0.03739,,213.15,22.313,-0.02,429.28,,459.71
1099,0.0363,,195.85,22.332,-0.01,420.14,,449.81
1100,0.03519,,178.56,22.377,0.001,412.62,,441.53
1101,0.03406,,161.31,22.447,0.011,407.34,,435.52
1102,0.0329,,144.09,22.539,0.019,404.66,,432.19
1103,0.03173,,126.92,22.651,0.025,404.72,,431.67
1104,0.03054,,109.82,22.78,0.029,407.41,,433.88
1105,0.02933,,92.78,22.921,0.029,412.42,,438.47
1106,0.02811,,75.82,23.072,0.027,419.25,,444.93
1107,0.02686,,58.93,23.228,0.023,427.29,,452.63
1108,0.0256,,42.12,23.384,0.017,435.85,,460.84
1109,0.02432,,25.38,23.537,0.01,444.23,,468.84
1110,0.02303,,8.71,23.682,0.003,451.78,,475.99
1111,0.02172,,352.12,23.817,-0.003,458,,481.77
1112,0.02039,,335.58,23.938,-0.008,462.52,,485.82
1113,0.01905,,319.11,24.043,-0.012,465.18,,488.01
1114,0.0177,,302.7,24.13,-0.015,466,,488.38
1115,0.01634,,286.34,24.196,-0.016,465.2,,487.16
1116,0.01496,,270.03,24.241,-0.015,463.1,,484.7
1117,0.01357,,253.78,24.265,-0.013,460.13,,481.45
1118,0.01218,,237.61,24.267,-0.01,456.71,,477.86
1119,0.01077,,221.52,24.248,-0.007,453.27,,474.36
1120,0.00936,,205.58,24.209,-0.004,450.14,,471.31
1121,0.00794,,189.84,24.152,-0.001,447.56,,468.92
1122,0.00653,,174.49,24.078,0.001,445.64,,467.32
1123,0.00511,,159.84,23.989,0.002,444.36,,466.46
1124,0.0037,,146.77,23.889,0.002,443.59,,466.23
1125,0.00233,,138.16,23.778,0.002,443.13,,466.35
1126,0.00113,,149.49,23.661,0.001,442.7,,466.55
1127,0.00112,,212,23.54,-0.001,442.04,,466.52
1128,0.00232,,223.43,23.417,-0.002,440.9,,465.99
1129,0.00368,,214.6,23.297,-0.002,439.14,,464.8
1130,0.00508,,201.15,23.18,-0.002,436.72,,462.87
1131,0.00648,,186,23.071,-0.001,433.71,,460.29
1132,0.00788,,170.02,22.97,0.001,430.35,,457.26
1133,0.00927,,153.57,22.881,0.004,426.94,,454.13
1134,0.01065,,136.82,22.803,0.007,423.88,,451.27
1135,0.01202,,119.86,22.74,0.01,421.55,,449.14
1136,0.01337,,102.76,22.69,0.013,420.32,,448.1
1137,0.0147,,85.55,22.655,0.015,420.47,,448.44
1138,0.01602,,68.26,22.635,0.015,422.13,,450.32
1139,0.01731,,50.91,22.63,0.013,425.29,,453.73
1140,0.01858,,33.52,22.638,0.01,429.76,,458.45
1141,0.01983,,16.11,22.661,0.006,435.18,,464.11
1142,0.02104,,358.67,22.695,-0,441.05,,470.17
1143,0.02224,,341.23,22.741,-0.007,446.76,,476
1144,0.0234,,323.78,22.797,-0.014,451.68,,480.92
1145,0.02453,,306.34,22.862,-0.02,455.22,,484.33
1146,0.02562,,288.91,22.934,-0.024,456.92,,485.71
1147,0.02668,,271.49,23.012,-0.027,456.51,,484.82
1148,0.02771,,254.08,23.095,-0.027,453.95,,481.64
1149,0.02869,,236.7,23.181,-0.024,449.47,,476.39
1150,0.02964,,219.34,23.268,-0.019,443.51,,469.58
1151,0.03054,,202,23.356,-0.011,436.72,,461.91
1152,0.03141,,184.68,23.443,-0.003,429.84,,454.17
1153,0.03223,,167.38,23.527,0.007,423.65,,447.17
1154,0.033,,150.1,23.608,0.016,418.87,,441.71
1155,0.03373,,132.84,23.683,0.025,416.09,,438.39
1156,0.03442,,115.6,23.751,0.031,415.73,,437.65
1157,0.03506,,98.37,23.811,0.035,417.99,,439.71
1158,0.03564,,81.15,23.863,0.035,422.83,,444.55
1159,0.03618,,63.95,23.903,0.033,429.98,,451.83
1160,0.03668,,46.74,23.933,0.027,438.89,,461.04
1161,0.03712,,29.54,23.95,0.018,448.83,,471.38
1162,0.03751,,12.33,23.954,0.008,458.92,,481.95
1163,0.03785,,355.11,23.945,-0.003,468.18,,491.73
1164,0.03814,,337.88,23.922,-0.014,475.66,,499.73
1165,0.03838,,320.62,23.885,-0.024,480.55,,505.09
1166,0.03858,,303.34,23.835,-0.032,482.26,,507.19
1167,0.03872,,286.02,23.771,-0.037,480.51,,505.73
1168,0.03881,,268.66,23.696,-0.039,475.39,,500.78
1169,0.03885,,251.25,23.611,-0.037,467.32,,492.78
1170,0.03884,,233.79,23.517,-0.031,457.03,,482.48
1171,0.03879,,216.27,23.415,-0.023,445.48,,470.84
1172,0.03869,,198.69,23.31,-0.012,433.7,,458.97
1173,0.03854,,181.04,23.202,-0.001,422.73,,447.93
1174,0.03834,,163.32,23.096,0.011,413.5,,438.71
1175,0.03811,,145.54,22.993,0.022,406.76,,432.08
1176,0.03782,,127.68,22.898,0.03,403,,428.58
1177,0.0375,,109.76,22.812,0.035,402.45,,428.42
1178,0.03713,,91.78,22.74,0.037,405.07,,431.59
1179,0.03673,,73.74,22.683,0.035,410.51,,437.68
1180,0.03629,,55.64,22.643,0.03,418.2,,446.08
1181,0.03581,,37.51,22.623,0.022,427.34,,455.94
1182,0.03529,,19.34,22.624,0.012,436.99,,466.24
1183,0.03475,,1.14,22.645,0.001,446.17,,475.92
1184,0.03417,,342.92,22.687,-0.01,453.97,,483.99
1185,0.03356,,324.7,22.749,-0.019,459.63,,489.66
1186,0.03293,,306.47,22.829,-0.026,462.67,,492.44
1187,0.03227,,288.25,22.925,-0.031,462.93,,492.15
1188,0.03159,,270.04,23.035,-0.032,460.59,,489.03
1189,0.03089,,251.84,23.154,-0.029,456.11,,483.57
1190,0.03017,,233.64,23.28,-0.024,450.16,,476.55
1191,0.02944,,215.46,23.409,-0.017,443.56,,468.85
1192,0.02869,,197.28,23.537,-0.009,437.13,,461.34
1193,0.02793,,179.09,23.661,0,431.6,,454.86
1194,0.02717,,160.88,23.775,0.009,427.59,,450.01
1195,0.0264,,142.64,23.878,0.016,425.5,,447.26
1196,0.02563,,124.36,23.966,0.021,425.52,,446.81
1197,0.02486,,106.03,24.037,0.024,427.61,,448.64
1198,0.0241,,87.61,24.088,0.024,431.54,,452.48
1199,0.02335,,69.1,24.119,0.022,436.86,,457.9
1200,0.02262,,50.47,24.127,0.017,443,,464.29
1201,0.0219,,31.71,24.113,0.012,449.29,,470.96
1202,0.0212,,12.8,24.076,0.005,455.03,,477.18
1203,0.02053,,353.71,24.019,-0.002,459.57,,482.27
1204,0.01989,,334.43,23.941,-0.009,462.38,,485.66
1205,0.01929,,314.94,23.846,-0.014,463.1,,486.97
1206,0.01873,,295.24,23.735,-0.017,461.61,,486.04
1207,0.01822,,275.31,23.612,-0.018,458.03,,482.98
1208,0.01777,,255.16,23.48,-0.017,452.7,,478.12
1209,0.01737,,234.78,23.342,-0.014,446.15,,471.96
1210,0.01703,,214.2,23.203,-0.01,439.01,,465.18
1211,0.01676,,193.43,23.067,-0.004,432,,458.5
1212,0.01656,,172.5,22.937,0.002,425.77,,452.59
1213,0.01644,,151.44,22.817,0.008,420.9,,448.04
1214,0.01639,,130.3,22.712,0.012,417.81,,445.31
1215,0.01641,,109.13,22.623,0.016,416.73,,444.62
1216,0.01651,,87.96,22.554,0.016,417.68,,446
1217,0.01668,,66.85,22.507,0.015,420.48,,449.25
1218,0.01691,,45.83,22.482,0.012,424.76,,453.96
1219,0.01721,,24.94,22.48,0.007,430,,459.56
1220,0.01756,,4.22,22.501,0.001,435.55,,465.38
1221,0.01797,,343.68,22.544,-0.005,440.77,,470.71
1222,0.01843,,323.35,22.608,-0.011,445.03,,474.92
1223,0.01892,,303.23,22.689,-0.016,447.86,,477.46
1224,0.01946,,283.33,22.786,-0.019,448.94,,478.06
1225,0.02003,,263.65,22.895,-0.02,448.19,,476.64
1226,0.02062,,244.2,23.014,-0.019,445.78,,473.4
1227,0.02124,,224.96,23.139,-0.015,442.05,,468.75
1228,0.02188,,205.92,23.267,-0.01,437.55,,463.27
1229,0.02253,,187.08,23.395,-0.003,432.88,,457.64
1230,0.02319,,168.42,23.519,0.005,428.7,,452.56
1231,0.02386,,149.93,23.636,0.012,425.6,,448.65
1232,0.02453,,131.6,23.746,0.018,424.07,,446.46
1233,0.02521,,113.4,23.844,0.023,424.44,,446.32
1234,0.02588,,95.34,23.931,0.026,426.87,,448.42
1235,0.02655,,77.38,24.003,0.026,431.3,,452.68
1236,0.02721,,59.52,24.061,0.023,437.47,,458.85
1237,0.02787,,41.74,24.103,0.019,444.94,,466.44
1238,0.02851,,24.04,24.13,0.012,453.08,,474.83
1239,0.02915,,6.4,24.141,0.003,461.16,,483.24
1240,0.02976,,348.8,24.136,-0.006,468.39,,490.84
1241,0.03036,,331.24,24.116,-0.015,474.01,,496.84
1242,0.03095,,313.71,24.082,-0.022,477.36,,500.58
1243,0.03151,,296.2,24.033,-0.028,478,,501.52
1244,0.03205,,278.7,23.972,-0.032,475.73,,499.5
1245,0.03256,,261.2,23.9,-0.032,470.63,,494.57
1246,0.03306,,243.69,23.817,-0.03,463.1,,487.14
1247,0.03352,,226.17,23.726,-0.024,453.77,,477.84
1248,0.03396,,208.63,23.626,-0.016,443.43,,467.5
1249,0.03436,,191.07,23.521,-0.007,433,,457.07
1250,0.03474,,173.48,23.412,0.004,423.36,,447.48
1251,0.03508,,155.86,23.3,0.014,415.33,,439.58
1252,0.03539,,138.21,23.187,0.024,409.57,,434.06
1253,0.03566,,120.52,23.075,0.031,406.52,,431.4
1254,0.0359,,102.79,22.966,0.035,406.38,,431.81
1255,0.0361,,85.02,22.862,0.036,409.12,,435.26
1256,0.03626,,67.21,22.765,0.033,414.42,,441.4
1257,0.03638,,49.36,22.677,0.028,421.73,,449.67
1258,0.03646,,31.48,22.6,0.019,430.3,,459.23
1259,0.03649,,13.56,22.535,0.009,439.22,,469.11
1260,0.03649,,355.62,22.485,-0.003,447.53,,478.28
1261,0.03644,,337.65,22.451,-0.014,454.33,,485.74
1262,0.03634,,319.66,22.434,-0.024,458.85,,490.67
1263,0.03621,,301.66,22.435,-0.031,460.6,,492.54
1264,0.03602,,283.67,22.455,-0.035,459.42,,491.16
1265,0.03579,,265.67,22.494,-0.036,455.49,,486.73
1266,0.03552,,247.69,22.552,-0.033,449.33,,479.82
1267,0.03519,,229.73,22.629,-0.027,441.71,,471.24
1268,0.03482,,211.8,22.722,-0.018,433.51,,461.98
1269,0.03441,,193.91,22.831,-0.008,425.7,,453.07
1270,0.03394,,176.06,22.954,0.002,419.13,,445.43
1271,0.03344,,158.26,23.088,0.012,414.51,,439.82
1272,0.03288,,140.5,23.23,0.021,412.34,,436.78
1273,0.03228,,122.8,23.377,0.027,412.86,,436.56
1274,0.03163,,105.15,23.526,0.031,416.06,,439.17
1275,0.03094,,87.55,23.673,0.031,421.67,,444.32
1276,0.03021,,70,23.815,0.028,429.23,,451.51
1277,0.02943,,52.49,23.949,0.023,438.06,,460.08
1278,0.0286,,35,24.071,0.016,447.39,,469.21
1279,0.02774,,17.54,24.177,0.008,456.4,,478.04
1280,0.02684,,0.09,24.267,0,464.3,,485.8
1281,0.0259,,342.64,24.336,-0.008,470.41,,491.78
1282,0.02492,,325.17,24.384,-0.014,474.25,,495.53
1283,0.0239,,307.66,24.408,-0.019,475.6,,496.78
1284,0.02286,,290.1,24.408,-0.021,474.46,,495.6
1285,0.02177,,272.47,24.383,-0.022,471.11,,492.23
1286,0.02066,,254.73,24.334,-0.02,466,,487.18
1287,0.01952,,236.86,24.261,-0.016,459.74,,481.06
1288,0.01836,,218.83,24.166,-0.012,452.99,,474.54
1289,0.01717,,200.59,24.05,-0.006,446.38,,468.25
1290,0.01597,,182.09,23.915,-0.001,440.45,,462.76
1291,0.01475,,163.28,23.766,0.004,435.62,,458.51
1292,0.01353,,144.08,23.605,0.008,432.14,,455.71
1293,0.0123,,124.36,23.436,0.01,430.06,,454.43
1294,0.01108,,104,23.264,0.011,429.27,,454.52
1295,0.00989,,82.78,23.094,0.01,429.5,,455.7
1296,0.00874,,60.4,22.929,0.008,430.39,,457.53
1297,0.00765,,36.46,22.774,0.005,431.49,,459.54
1298,0.00668,,10.42,22.635,0.001,432.37,,461.25
1299,0.0059,,341.72,22.514,-0.002,432.69,,462.25
1300,0.00538,,310.18,22.416,-0.004,432.19,,462.26
1301,0.00523,,276.74,22.342,-0.005,430.83,,461.2
1302,0.00548,,243.5,22.296,-0.005,428.71,,459.2
1303,0.00607,,212.41,22.278,-0.003,426.13,,456.53
1304,0.00693,,184.14,22.288,-0,423.47,,453.63
1305,0.00797,,158.39,22.326,0.003,421.22,,451.02
1306,0.00912,,134.62,22.389,0.006,419.85,,449.2
1307,0.01034,,112.29,22.476,0.01,419.75,,448.63
1308,0.01161,,91.03,22.584,0.012,421.19,,449.59
1309,0.01291,,70.59,22.709,0.012,424.27,,452.21
1310,0.01423,,50.77,22.847,0.011,428.92,,456.42
1311,0.01556,,31.44,22.993,0.008,434.85,,461.92
1312,0.01689,,12.52,23.144,0.004,441.61,,468.26
1313,0.01822,,353.92,23.295,-0.002,448.62,,474.84
1314,0.01954,,335.61,23.443,-0.008,455.21,,480.98
1315,0.02085,,317.53,23.582,-0.014,460.73,,485.99
1316,0.02215,,299.64,23.711,-0.019,464.57,,489.31
1317,0.02343,,281.93,23.826,-0.023,466.31,,490.46
1318,0.0247,,264.37,23.925,-0.025,465.7,,489.24
1319,0.02595,,246.92,24.007,-0.024,462.77,,485.7
1320,0.02718,,229.58,24.069,-0.021,457.77,,480.09
1321,0.02838,,212.32,24.111,-0.015,451.19,,472.95
1322,0.02956,,195.13,24.133,-0.008,443.7,,464.98
1323,0.03072,,177.98,24.136,0.001,436.04,,456.95
1324,0.03186,,160.88,24.12,0.01,429.01,,449.67
1325,0.03297,,143.8,24.085,0.019,423.33,,443.88
1326,0.03405,,126.73,24.035,0.027,419.59,,440.23
1327,0.03511,,109.67,23.97,0.033,418.23,,439.14
1328,0.03614,,92.61,23.892,0.036,419.48,,440.85
1329,0.03713,,75.53,23.805,0.036,423.31,,445.35
1330,0.0381,,58.44,23.709,0.032,429.47,,452.34
1331,0.03904,,41.32,23.608,0.026,437.46,,461.31
1332,0.03995,,24.19,23.505,0.016,446.56,,471.48
1333,0.04083,,7.02,23.401,0.005,455.88,,481.92
1334,0.04168,,349.83,23.299,-0.007,464.43,,491.55
1335,0.0425,,332.61,23.201,-0.02,471.24,,499.34
1336,0.04329,,315.37,23.11,-0.03,475.45,,504.35
1337,0.04404,,298.11,23.026,-0.039,476.43,,505.88
1338,0.04477,,280.82,22.952,-0.044,473.87,,503.61
1339,0.04546,,263.52,22.889,-0.045,467.86,,497.6
1340,0.04612,,246.21,22.837,-0.042,458.86,,488.32
1341,0.04675,,228.9,22.798,-0.035,447.63,,476.61
1342,0.04735,,211.58,22.771,-0.025,435.22,,463.53
1343,0.04792,,194.27,22.757,-0.012,422.75,,450.33
1344,0.04845,,176.96,22.756,0.003,411.35,,438.2
1345,0.04895,,159.67,22.766,0.017,402.06,,428.24
1346,0.04942,,142.4,22.789,0.03,395.69,,421.34
1347,0.04985,,125.14,22.823,0.041,392.84,,418.14
1348,0.05025,,107.91,22.867,0.048,393.81,,418.95
1349,0.05062,,90.71,22.92,0.051,398.6,,423.78
1350,0.05095,,73.54,22.982,0.049,406.95,,432.35
1351,0.05125,,56.41,23.05,0.043,418.26,,444
1352,0.05152,,39.3,23.124,0.033,431.7,,457.86
1353,0.05174,,22.24,23.202,0.02,446.18,,472.78
1354,0.05194,,5.21,23.284,0.005,460.5,,487.49
1355,0.05209,,348.21,23.366,-0.011,473.39,,500.64
1356,0.05222,,331.26,23.449,-0.025,483.69,,511.04
1357,0.0523,,314.34,23.529,-0.037,490.46,,517.69
1358,0.05234,,297.46,23.607,-0.046,493.1,,519.99
1359,0.05235,,280.6,23.679,-0.051,491.41,,517.76
1360,0.05232,,263.78,23.745,-0.052,485.65,,511.29
1361,0.05225,,246.99,23.802,-0.048,476.45,,501.27
1362,0.05214,,230.22,23.851,-0.04,464.78,,488.71
1363,0.05199,,213.47,23.888,-0.029,451.77,,474.82
1364,0.0518,,196.73,23.913,-0.015,438.64,,460.88
1365,0.05157,,180,23.925,0,426.52,,448.08
1366,0.0513,,163.28,23.923,0.015,416.41,,437.47
1367,0.05098,,146.56,23.907,0.028,409.08,,429.85
1368,0.05062,,129.82,23.877,0.039,405.03,,425.75
1369,0.05022,,113.07,23.831,0.046,404.48,,425.4
1370,0.04977,,96.3,23.772,0.049,407.39,,428.77
1371,0.04928,,79.51,23.699,0.048,413.41,,435.48
1372,0.04875,,62.67,23.615,0.043,421.97,,444.94
1373,0.04817,,45.8,23.519,0.035,432.23,,456.28
1374,0.04754,,28.89,23.416,0.023,443.22,,468.45
1375,0.04688,,11.92,23.306,0.01,453.85,,480.31
1376,0.04616,,354.9,23.193,-0.004,463.04,,490.7
1377,0.0454,,337.83,23.079,-0.017,469.84,,498.58
1378,0.0446,,320.7,22.968,-0.028,473.55,,503.19
1379,0.04375,,303.52,22.863,-0.036,473.78,,504.07
1380,0.04285,,286.3,22.767,-0.041,470.54,,501.18
1381,0.04191,,269.02,22.683,-0.042,464.18,,494.9
1382,0.04093,,251.72,22.615,-0.039,455.43,,485.96
1383,0.0399,,234.38,22.564,-0.032,445.2,,475.32
1384,0.03884,,217.04,22.534,-0.023,434.53,,464.11
1385,0.03773,,199.69,22.526,-0.013,424.45,,453.39
1386,0.03658,,182.35,22.539,-0.002,415.86,,444.13
1387,0.03538,,165.04,22.576,0.009,409.47,,437.12
1388,0.03415,,147.77,22.635,0.018,405.73,,432.83
1389,0.03289,,130.57,22.715,0.025,404.85,,431.48
1390,0.03158,,113.44,22.814,0.029,406.77,,433.02
1391,0.03024,,96.39,22.929,0.03,411.18,,437.11
1392,0.02887,,79.46,23.058,0.028,417.59,,443.24
1393,0.02746,,62.64,23.197,0.024,425.36,,450.75
1394,0.02603,,45.96,23.341,0.019,433.77,,458.86
1395,0.02457,,29.43,23.488,0.012,442.09,,466.85
1396,0.02308,,13.07,23.633,0.005,449.67,,474.04
1397,0.02158,,356.9,23.771,-0.001,455.98,,479.91
1398,0.02005,,340.93,23.9,-0.007,460.68,,484.12
1399,0.01851,,325.22,24.016,-0.011,463.64,,486.56
1400,0.01695,,309.8,24.115,-0.013,464.89,,487.29
1401,0.0154,,294.75,24.196,-0.014,464.67,,486.61
1402,0.01384,,280.16,24.255,-0.014,463.32,,484.84
1403,0.0123,,266.19,24.292,-0.012,461.21,,482.43
1404,0.01078,,253.07,24.305,-0.01,458.75,,479.78
1405,0.00931,,241.18,24.294,-0.008,456.27,,477.24
1406,0.00793,,231.09,24.259,-0.006,454.01,,475.07
1407,0.0067,,223.67,24.201,-0.005,452.08,,473.38
1408,0.00572,,219.95,24.122,-0.004,450.49,,472.16
1409,0.00515,,220.28,24.022,-0.003,449.12,,471.28
1410,0.00513,,222.65,23.905,-0.003,447.77,,470.52
1411,0.00566,,223.14,23.773,-0.004,446.2,,469.61
1412,0.00661,,219.54,23.629,-0.004,444.17,,468.27
1413,0.00782,,212.06,23.478,-0.004,441.51,,466.3
1414,0.00919,,201.75,23.322,-0.003,438.12,,463.57
1415,0.01064,,189.49,23.167,-0.002,434.05,,460.12
1416,0.01215,,175.9,23.016,0.001,429.48,,456.1
1417,0.01369,,161.37,22.873,0.004,424.74,,451.82
1418,0.01523,,146.16,22.741,0.008,420.23,,447.73
1419,0.01678,,130.44,22.625,0.013,416.43,,444.3
1420,0.01832,,114.35,22.527,0.017,413.81,,442.02
1421,0.01986,,97.96,22.45,0.02,412.77,,441.31
1422,0.02137,,81.34,22.395,0.021,413.59,,442.48
1423,0.02287,,64.55,22.363,0.021,416.39,,445.64
1424,0.02434,,47.63,22.355,0.018,421.08,,450.71
1425,0.02579,,30.62,22.371,0.013,427.38,,457.37
1426,0.02721,,13.54,22.409,0.006,434.8,,465.09
1427,0.0286,,356.43,22.468,-0.002,442.67,,473.17
1428,0.02996,,339.3,22.546,-0.011,450.23,,480.8
1429,0.03128,,322.16,22.641,-0.019,456.68,,487.15
1430,0.03257,,305.04,22.749,-0.027,461.32,,491.46
1431,0.03382,,287.94,22.868,-0.032,463.59,,493.17
1432,0.03504,,270.88,22.995,-0.035,463.17,,492
1433,0.03621,,253.85,23.126,-0.035,460.06,,487.94
1434,0.03735,,236.86,23.258,-0.031,454.56,,481.34
1435,0.03844,,219.91,23.389,-0.025,447.22,,472.83
1436,0.03949,,203.01,23.515,-0.015,438.82,,463.25
1437,0.0405,,186.15,23.635,-0.004,430.25,,453.56
1438,0.04146,,169.32,23.746,0.008,422.42,,444.72
1439,0.04239,,152.53,23.847,0.02,416.18,,437.62
1440,0.04326,,135.77,23.936,0.03,412.23,,433.02
1441,0.0441,,119.03,24.012,0.039,411.08,,431.42
1442,0.04488,,102.32,24.073,0.044,413.02,,433.14
1443,0.04563,,85.62,24.12,0.045,418.07,,438.19
1444,0.04632,,68.93,24.152,0.043,425.97,,446.31
1445,0.04698,,52.25,24.169,0.037,436.23,,456.97
1446,0.04758,,35.57,24.171,0.028,448.08,,469.37
1447,0.04815,,18.89,24.157,0.016,460.56,,482.51
1448,0.04867,,2.19,24.13,0.002,472.56,,495.25
1449,0.04914,,345.49,24.089,-0.012,482.95,,506.38
1450,0.04958,,328.76,24.035,-0.026,490.67,,514.81
1451,0.04996,,312.01,23.968,-0.037,494.85,,519.59
1452,0.05031,,295.24,23.891,-0.046,494.97,,520.2
1453,0.05062,,278.43,23.804,-0.05,490.86,,516.43
1454,0.05088,,261.59,23.709,-0.05,482.81,,508.53
1455,0.0511,,244.71,23.606,-0.046,471.47,,497.19
1456,0.05128,,227.79,23.498,-0.038,457.82,,483.4
1457,0.05142,,210.83,23.386,-0.026,443.02,,468.4
1458,0.05152,,193.82,23.273,-0.012,428.33,,453.49
1459,0.05158,,176.77,23.159,0.003,414.94,,439.91
1460,0.05161,,159.66,23.048,0.018,403.89,,428.76
1461,0.0516,,142.51,22.941,0.031,396,,420.91
1462,0.05155,,125.31,22.84,0.042,391.79,,416.93
1463,0.05146,,108.07,22.748,0.049,391.52,,417.11
1464,0.05134,,90.78,22.666,0.051,395.14,,421.38
1465,0.05118,,73.46,22.598,0.049,402.3,,429.36
1466,0.05099,,56.1,22.543,0.042,412.34,,440.36
1467,0.05077,,38.72,22.505,0.032,424.36,,453.41
1468,0.05051,,21.32,22.484,0.018,437.27,,467.32
1469,0.05022,,3.9,22.481,0.003,449.85,,480.78
1470,0.0499,,346.48,22.497,-0.012,460.9,,492.5
1471,0.04954,,329.07,22.531,-0.025,469.35,,501.32
1472,0.04915,,311.67,22.584,-0.037,474.42,,506.41
1473,0.04873,,294.29,22.655,-0.044,475.69,,507.34
1474,0.04828,,276.93,22.741,-0.048,473.17,,504.13
1475,0.0478,,259.61,22.842,-0.047,467.29,,497.27
1476,0.04729,,242.34,22.955,-0.042,458.79,,487.58
1477,0.04674,,225.1,23.077,-0.033,448.7,,476.15
1478,0.04617,,207.92,23.206,-0.022,438.1,,464.2
1479,0.04557,,190.78,23.338,-0.009,428.1,,452.88
1480,0.04494,,173.7,23.47,0.005,419.64,,443.24
1481,0.04427,,156.65,23.6,0.018,413.51,,436.1
1482,0.04358,,139.66,23.723,0.028,410.21,,431.98
1483,0.04286,,122.7,23.837,0.036,410,,431.18
1484,0.04211,,105.77,23.938,0.041,412.88,,433.68
1485,0.04134,,88.87,24.026,0.041,418.58,,439.22
1486,0.04053,,71.98,24.096,0.039,426.61,,447.27
1487,0.0397,,55.1,24.148,0.033,436.26,,457.1
1488,0.03884,,38.21,24.18,0.024,446.7,,467.86
1489,0.03795,,21.31,24.192,0.014,456.98,,478.57
1490,0.03703,,4.39,24.182,0.003,466.17,,488.24
1491,0.03609,,347.42,24.151,-0.008,473.43,,496.03
1492,0.03512,,330.42,24.101,-0.017,478.1,,501.23
1493,0.03413,,313.35,24.031,-0.025,479.78,,503.4
1494,0.03311,,296.21,23.944,-0.03,478.34,,502.41
1495,0.03207,,278.99,23.841,-0.032,473.99,,498.44
1496,0.03101,,261.68,23.727,-0.031,467.21,,491.99
1497,0.02992,,244.27,23.602,-0.027,458.68,,483.72
1498,0.02881,,226.75,23.472,-0.021,449.23,,474.49
1499,0.02768,,209.11,23.339,-0.013,439.71,,465.17
1500,0.02653,,191.35,23.206,-0.005,430.92,,456.59
1501,0.02537,,173.45,23.079,0.003,423.55,,449.45
1502,0.02418,,155.41,22.961,0.01,418.09,,444.29
1503,0.02299,,137.23,22.854,0.016,414.82,,441.37
1504,0.02178,,118.89,22.762,0.019,413.81,,440.78
1505,0.02056,,100.4,22.688,0.02,414.89,,442.33
1506,0.01932,,81.73,22.633,0.019,417.73,,445.65
1507,0.01809,,62.88,22.599,0.016,421.83,,450.19
1508,0.01685,,43.82,22.587,0.012,426.59,,455.34
1509,0.01561,,24.52,22.597,0.006,431.42,,460.44
1510,0.01438,,4.92,22.627,0.001,435.75,,464.89
1511,0.01316,,344.97,22.677,-0.003,439.16,,468.25
1512,0.01196,,324.57,22.745,-0.007,441.38,,470.24
1513,0.01079,,303.58,22.827,-0.009,442.33,,470.79
1514,0.00966,,281.81,22.922,-0.009,442.15,,470.07
1515,0.0086,,259,23.025,-0.008,441.12,,468.4
1516,0.00762,,234.83,23.134,-0.006,439.64,,466.22
1517,0.00679,,208.92,23.246,-0.003,438.14,,464.03
1518,0.00614,,181.01,23.356,-0,437.05,,462.27
1519,0.00574,,151.24,23.462,0.003,436.71,,461.32
1520,0.00564,,120.46,23.56,0.005,437.33,,461.43
1521,0.00585,,90.06,23.65,0.006,438.98,,462.68
1522,0.00633,,61.24,23.727,0.006,441.56,,464.97
1523,0.00702,,34.49,23.791,0.004,444.82,,468.05
1524,0.00786,,9.7,23.841,0.001,448.4,,471.54
1525,0.0088,,346.52,23.875,-0.002,451.85,,474.97
1526,0.0098,,324.6,23.894,-0.006,454.68,,477.85
1527,0.01083,,303.61,23.897,-0.009,456.45,,479.69
1528,0.01189,,283.32,23.884,-0.012,456.83,,480.16
1529,0.01295,,263.55,23.858,-0.013,455.62,,479.04
1530,0.01401,,244.19,23.818,-0.013,452.83,,476.33
1531,0.01507,,225.12,23.767,-0.011,448.65,,472.23
1532,0.01611,,206.27,23.705,-0.007,443.45,,467.08
1533,0.01713,,187.6,23.636,-0.002,437.74,,461.45
1534,0.01814,,169.06,23.561,0.003,432.11,,455.93
1535,0.01911,,150.61,23.481,0.009,427.16,,451.13
1536,0.02007,,132.24,23.4,0.015,423.45,,447.64
1537,0.02099,,113.92,23.319,0.019,421.39,,445.89
1538,0.02188,,95.63,23.24,0.022,421.26,,446.17
1539,0.02274,,77.38,23.165,0.022,423.11,,448.53
1540,0.02357,,59.15,23.096,0.02,426.81,,452.82
1541,0.02436,,40.93,23.034,0.016,432,,458.67
1542,0.02511,,22.73,22.98,0.01,438.12,,465.47
1543,0.02583,,4.54,22.935,0.002,444.52,,472.52
1544,0.02651,,346.37,22.9,-0.006,450.43,,479
1545,0.02715,,328.2,22.874,-0.014,455.12,,484.13
1546,0.02776,,310.05,22.86,-0.021,457.98,,487.27
1547,0.02832,,291.91,22.856,-0.026,458.59,,487.94
1548,0.02884,,273.79,22.861,-0.029,456.77,,485.96
1549,0.02933,,255.69,22.877,-0.028,452.66,,481.5
1550,0.02977,,237.6,22.902,-0.025,446.66,,474.97
1551,0.03017,,219.54,22.936,-0.019,439.4,,467.07
1552,0.03053,,201.5,22.978,-0.011,431.67,,458.63
1553,0.03086,,183.49,23.026,-0.002,424.3,,450.53
1554,0.03114,,165.5,23.081,0.008,418.09,,443.65
1555,0.03138,,147.54,23.142,0.017,413.72,,438.7
1556,0.03159,,129.6,23.206,0.024,411.69,,436.21
1557,0.03176,,111.69,23.274,0.03,412.29,,436.48
1558,0.03188,,93.81,23.344,0.032,415.54,,439.57
1559,0.03198,,75.95,23.415,0.031,421.25,,445.23
1560,0.03203,,58.12,23.486,0.027,428.97,,453.01
1561,0.03206,,40.31,23.556,0.021,438.06,,462.22
1562,0.03204,,22.52,23.623,0.012,447.71,,472.03
1563,0.032,,4.75,23.686,0.003,457.03,,481.51
1564,0.03192,,346.99,23.744,-0.007,465.17,,489.74
1565,0.03182,,329.25,23.795,-0.016,471.34,,495.93
1566,0.03168,,311.52,23.839,-0.024,474.95,,499.47
1567,0.03152,,293.79,23.874,-0.029,475.69,,500.05
1568,0.03133,,276.06,23.898,-0.031,473.53,,497.63
1569,0.03112,,258.32,23.912,-0.03,468.76,,492.53
1570,0.03088,,240.57,23.914,-0.027,461.89,,485.3
1571,0.03062,,222.8,23.904,-0.021,453.66,,476.72
1572,0.03034,,205,23.881,-0.013,444.89,,467.63
1573,0.03005,,187.17,23.844,-0.004,436.4,,458.9
1574,0.02973,,169.3,23.795,0.006,428.97,,451.36
1575,0.0294,,151.37,23.733,0.014,423.2,,445.61
1576,0.02906,,133.39,23.659,0.021,419.53,,442.14
1577,0.02871,,115.34,23.575,0.026,418.19,,441.16
1578,0.02835,,97.22,23.481,0.028,419.16,,442.67
1579,0.02799,,79.02,23.38,0.027,422.22,,446.44
1580,0.02762,,60.72,23.274,0.024,426.94,,452.01
1581,0.02724,,42.34,23.165,0.018,432.74,,458.75
1582,0.02686,,23.85,23.055,0.011,438.91,,465.89
1583,0.02649,,5.26,22.948,0.002,444.71,,472.64
1584,0.02612,,346.58,22.847,-0.006,449.41,,478.22
1585,0.02575,,327.79,22.754,-0.014,452.42,,481.96
1586,0.02539,,308.89,22.672,-0.02,453.36,,483.42
1587,0.02504,,289.91,22.605,-0.024,452.06,,482.42
1588,0.02471,,270.83,22.554,-0.025,448.65,,479.08
1589,0.02438,,251.68,22.521,-0.023,443.51,,473.77
1590,0.02408,,232.45,22.508,-0.019,437.22,,467.13
1591,0.02379,,213.16,22.516,-0.013,430.51,,459.91
1592,0.02352,,193.82,22.545,-0.006,424.12,,452.94
1593,0.02327,,174.45,22.594,0.002,418.79,,446.97
1594,0.02305,,155.05,22.663,0.01,415.1,,442.68
1595,0.02286,,135.65,22.751,0.016,413.51,,440.52
1596,0.02269,,116.25,22.854,0.02,414.23,,440.74
1597,0.02254,,96.86,22.97,0.022,417.26,,443.37
1598,0.02243,,77.51,23.096,0.022,422.4,,448.15
1599,0.02235,,58.19,23.229,0.019,429.23,,454.67
1600,0.0223,,38.91,23.365,0.014,437.16,,462.32
1601,0.02229,,19.69,23.501,0.008,445.48,,470.36
1602,0.0223,,0.53,23.634,0,453.45,,478.03
1603,0.02235,,341.44,23.759,-0.007,460.33,,484.56
1604,0.02243,,322.4,23.873,-0.014,465.5,,489.34
1605,0.02254,,303.44,23.975,-0.019,468.5,,491.9
1606,0.02267,,284.54,24.061,-0.022,469.09,,492
1607,0.02284,,265.7,24.13,-0.023,467.3,,489.73
1608,0.02304,,246.93,24.181,-0.021,463.38,,485.34
1609,0.02326,,228.21,24.211,-0.017,457.81,,479.32
1610,0.02351,,209.54,24.221,-0.012,451.19,,472.34
1611,0.02378,,190.93,24.21,-0.005,444.25,,465.13
1612,0.02406,,172.35,24.18,0.003,437.7,,458.44
1613,0.02437,,153.81,24.131,0.011,432.17,,452.92
1614,0.0247,,135.29,24.064,0.017,428.21,,449.11
1615,0.02504,,116.8,23.981,0.022,426.16,,447.41
1616,0.02539,,98.32,23.885,0.025,426.21,,447.97
1617,0.02575,,79.85,23.777,0.025,428.3,,450.74
1618,0.02611,,61.38,23.661,0.023,432.18,,455.46
1619,0.02649,,42.91,23.539,0.018,437.39,,461.62
1620,0.02686,,24.44,23.414,0.011,443.32,,468.57
1621,0.02724,,5.95,23.29,0.003,449.24,,475.53
1622,0.02761,,347.46,23.169,-0.006,454.39,,481.68
1623,0.02798,,328.97,23.053,-0.014,458.06,,486.22
1624,0.02834,,310.46,22.947,-0.022,459.68,,488.56
1625,0.0287,,291.95,22.852,-0.027,458.89,,488.28
1626,0.02904,,273.44,22.769,-0.029,455.62,,485.28
1627,0.02937,,254.94,22.701,-0.028,450.1,,479.79
1628,0.02969,,236.45,22.648,-0.025,442.82,,472.32
1629,0.02999,,217.98,22.612,-0.018,434.49,,463.63
1630,0.03027,,199.53,22.592,-0.01,425.93,,454.6
1631,0.03053,,181.11,22.589,-0.001,418.01,,446.18
1632,0.03076,,162.72,22.601,0.009,411.53,,439.2
1633,0.03098,,144.38,22.627,0.018,407.15,,434.38
1634,0.03117,,126.08,22.667,0.025,405.32,,432.21
1635,0.03133,,107.83,22.72,0.03,406.26,,432.96
1636,0.03146,,89.63,22.782,0.031,409.95,,436.56
1637,0.03156,,71.48,22.853,0.03,416.1,,442.73
1638,0.03163,,53.39,22.932,0.025,424.2,,450.94
1639,0.03167,,35.36,23.015,0.018,433.55,,460.42
1640,0.03167,,17.38,23.101,0.009,443.31,,470.3
1641,0.03164,,359.45,23.189,-0,452.58,,479.63
1642,0.03157,,341.58,23.277,-0.01,460.5,,487.52
1643,0.03146,,323.76,23.364,-0.019,466.35,,493.2
1644,0.03132,,305.98,23.447,-0.025,469.62,,496.17
1645,0.03114,,288.25,23.527,-0.03,470.1,,496.21
1646,0.03091,,270.56,23.601,-0.031,467.85,,493.4
1647,0.03065,,252.91,23.669,-0.029,463.26,,488.16
1648,0.03034,,235.29,23.73,-0.025,456.91,,481.12
1649,0.03,,217.71,23.783,-0.018,449.56,,473.08
1650,0.02961,,200.14,23.828,-0.01,442.01,,464.89
1651,0.02918,,182.6,23.864,-0.001,435.04,,457.37
1652,0.02871,,165.08,23.89,0.007,429.33,,451.23
1653,0.0282,,147.57,23.906,0.015,425.38,,446.98
1654,0.02765,,130.07,23.913,0.021,423.49,,444.97
1655,0.02706,,112.58,23.909,0.025,423.76,,445.27
1656,0.02642,,95.08,23.895,0.026,426.06,,447.76
1657,0.02574,,77.58,23.871,0.025,430.07,,452.1
1658,0.02503,,60.06,23.837,0.022,435.29,,457.78
1659,0.02427,,42.53,23.794,0.016,441.14,,464.17
1660,0.02348,,24.98,23.741,0.01,446.94,,470.56
1661,0.02265,,7.4,23.681,0.003,452.05,,476.29
1662,0.02178,,349.78,23.613,-0.004,455.93,,480.76
1663,0.02087,,332.12,23.539,-0.01,458.16,,483.53
1664,0.01993,,314.42,23.461,-0.014,458.54,,484.39
1665,0.01896,,296.66,23.379,-0.017,457.07,,483.3
1666,0.01795,,278.83,23.295,-0.018,453.96,,480.49
1667,0.01692,,260.94,23.212,-0.017,449.61,,476.37
1668,0.01585,,242.96,23.13,-0.014,444.52,,471.42
1669,0.01476,,224.89,23.053,-0.01,439.24,,466.26
1670,0.01364,,206.7,22.981,-0.006,434.3,,461.4
1671,0.0125,,188.38,22.917,-0.002,430.15,,457.34
1672,0.01133,,169.89,22.862,0.002,427.11,,454.4
1673,0.01014,,151.18,22.818,0.005,425.35,,452.77
1674,0.00894,,132.17,22.787,0.007,424.88,,452.44
1675,0.00773,,112.71,22.768,0.007,425.56,,453.25
1676,0.00651,,92.57,22.764,0.006,427.11,,454.93
1677,0.00529,,71.27,22.774,0.005,429.19,,457.1
1678,0.00409,,47.78,22.798,0.003,431.41,,459.34
1679,0.00296,,19.58,22.835,0.001,433.43,,461.27
1680,0.00203,,340.14,22.885,-0.001,434.95,,462.61
1681,0.00172,,282.47,22.946,-0.002,435.8,,463.19
1682,0.0023,,230.01,23.017,-0.002,435.97,,462.98
1683,0.00334,,195.34,23.095,-0.001,435.56,,462.11
1684,0.00454,,169.29,23.179,0.001,434.79,,460.84
1685,0.0058,,146.96,23.266,0.003,433.98,,459.51
1686,0.00709,,126.48,23.353,0.006,433.47,,458.49
1687,0.00839,,107.04,23.439,0.008,433.58,,458.15
1688,0.0097,,88.24,23.52,0.01,434.57,,458.75
1689,0.01101,,69.88,23.595,0.01,436.6,,460.47
1690,0.01232,,51.83,23.662,0.01,439.66,,463.34
1691,0.01362,,34.01,23.718,0.008,443.64,,467.21
1692,0.01492,,16.37,23.763,0.004,448.23,,471.8
1693,0.0162,,358.86,23.796,-0,453.05,,476.69
1694,0.01748,,341.45,23.815,-0.006,457.6,,481.37
1695,0.01874,,324.13,23.82,-0.011,461.33,,485.26
1696,0.01999,,306.86,23.811,-0.016,463.75,,487.86
1697,0.02122,,289.65,23.789,-0.02,464.43,,488.71
1698,0.02244,,272.47,23.754,-0.022,463.12,,487.53
1699,0.02364,,255.31,23.708,-0.023,459.75,,484.24
1700,0.02482,,238.17,23.651,-0.021,454.46,,478.99
1701,0.02598,,221.02,23.586,-0.017,447.62,,472.14
1702,0.02712,,203.88,23.515,-0.011,439.78,,464.27
1703,0.02824,,186.73,23.439,-0.003,431.61,,456.06
1704,0.02934,,169.56,23.361,0.005,423.85,,448.27
1705,0.03042,,152.38,23.284,0.014,417.22,,441.67
1706,0.03148,,135.19,23.208,0.022,412.36,,436.91
1707,0.03251,,117.98,23.138,0.029,409.78,,434.53
1708,0.03351,,100.76,23.074,0.033,409.78,,434.87
1709,0.03449,,83.53,23.018,0.034,412.47,,438.01
1710,0.03545,,66.29,22.973,0.032,417.71,,443.83
1711,0.03638,,49.05,22.938,0.027,425.15,,451.91
1712,0.03729,,31.81,22.916,0.02,434.17,,461.63
1713,0.03817,,14.59,22.906,0.01,444,,472.13
1714,0.03902,,357.37,22.908,-0.002,453.71,,482.45
1715,0.03985,,340.18,22.922,-0.014,462.37,,491.57
1716,0.04065,,323.01,22.948,-0.024,469.06,,498.53
1717,0.04142,,305.88,22.984,-0.034,473.06,,502.56
1718,0.04217,,288.77,23.029,-0.04,473.89,,503.17
1719,0.04289,,271.71,23.082,-0.043,471.41,,500.23
1720,0.04358,,254.68,23.141,-0.042,465.82,,493.95
1721,0.04425,,237.69,23.204,-0.037,457.66,,484.93
1722,0.04488,,220.75,23.27,-0.029,447.7,,474.01
1723,0.04549,,203.85,23.336,-0.018,436.91,,462.22
1724,0.04607,,186.98,23.401,-0.006,426.31,,450.65
1725,0.04662,,170.15,23.464,0.008,416.89,,440.36
1726,0.04714,,153.36,23.523,0.021,409.5,,432.27
1727,0.04763,,136.6,23.576,0.033,404.84,,427.07
1728,0.0481,,119.87,23.623,0.042,403.35,,425.26
1729,0.04853,,103.16,23.663,0.047,405.25,,427.07
1730,0.04893,,86.47,23.694,0.049,410.49,,432.42
1731,0.0493,,69.8,23.717,0.046,418.73,,440.99
1732,0.04963,,53.14,23.731,0.04,429.42,,452.18
1733,0.04994,,36.48,23.735,0.03,441.74,,465.12
1734,0.05021,,19.83,23.731,0.017,454.69,,478.78
1735,0.05045,,3.18,23.718,0.003,467.15,,491.97
1736,0.05065,,346.52,23.696,-0.012,477.97,,503.5
1737,0.05082,,329.85,23.667,-0.026,486.13,,512.28
1738,0.05095,,313.17,23.63,-0.037,490.78,,517.4
1739,0.05105,,296.48,23.587,-0.046,491.43,,518.35
1740,0.05111,,279.77,23.538,-0.05,487.93,,514.97
1741,0.05113,,263.04,23.484,-0.051,480.59,,507.54
1742,0.05111,,246.29,23.426,-0.047,470.05,,496.75
1743,0.05106,,229.52,23.365,-0.039,457.27,,483.59
1744,0.05096,,212.72,23.303,-0.028,443.38,,469.25
1745,0.05082,,195.9,23.24,-0.014,429.58,,454.98
1746,0.05064,,179.06,23.178,0.001,417,,441.99
1747,0.05042,,162.19,23.117,0.015,406.63,,431.3
1748,0.05016,,145.31,23.06,0.029,399.21,,423.72
1749,0.04985,,128.4,23.006,0.039,395.25,,419.78
1750,0.0495,,111.48,22.958,0.046,394.96,,419.72
1751,0.04911,,94.54,22.916,0.049,398.28,,423.46
1752,0.04867,,77.6,22.882,0.048,404.86,,430.64
1753,0.04819,,60.64,22.855,0.042,414.11,,440.62
1754,0.04766,,43.69,22.838,0.033,425.21,,452.51
1755,0.04709,,26.75,22.83,0.021,437.15,,465.26
1756,0.04647,,9.81,22.833,0.008,448.86,,477.72
1757,0.04581,,352.9,22.846,-0.006,459.29,,488.73
1758,0.0451,,336,22.869,-0.018,467.5,,497.33
1759,0.04436,,319.15,22.903,-0.029,472.81,,502.77
1760,0.04356,,302.33,22.947,-0.037,474.83,,504.66
1761,0.04273,,285.56,23.001,-0.041,473.55,,502.99
1762,0.04185,,268.85,23.063,-0.042,469.29,,498.1
1763,0.04093,,252.2,23.132,-0.039,462.65,,490.64
1764,0.03997,,235.63,23.208,-0.033,454.44,,481.51
1765,0.03898,,219.13,23.288,-0.025,445.56,,471.64
1766,0.03794,,202.73,23.371,-0.015,436.87,,461.99
1767,0.03688,,186.42,23.455,-0.004,429.17,,453.39
1768,0.03578,,170.22,23.539,0.006,423.08,,446.5
1769,0.03464,,154.13,23.621,0.015,419.01,,441.79
1770,0.03349,,138.17,23.698,0.022,417.18,,439.45
1771,0.03231,,122.33,23.769,0.027,417.58,,439.51
1772,0.0311,,106.65,23.832,0.03,420.03,,441.76
1773,0.02989,,91.12,23.885,0.03,424.18,,445.83
1774,0.02866,,75.76,23.928,0.028,429.58,,451.28
1775,0.02742,,60.59,23.959,0.024,435.7,,457.54
1776,0.02618,,45.63,23.977,0.019,442,,464.05
1777,0.02496,,30.91,23.982,0.013,447.95,,470.28
1778,0.02375,,16.44,23.972,0.007,453.13,,475.77
1779,0.02256,,2.26,23.949,0.001,457.22,,480.2
1780,0.02142,,348.41,23.912,-0.004,460.05,,483.39
1781,0.02032,,334.92,23.861,-0.009,461.55,,485.25
1782,0.0193,,321.83,23.799,-0.012,461.8,,485.88
1783,0.01836,,309.16,23.725,-0.014,460.96,,485.43
1784,0.01752,,296.94,23.641,-0.016,459.25,,484.09
1785,0.01682,,285.16,23.549,-0.016,456.88,,482.12
1786,0.01626,,273.78,23.452,-0.016,454.06,,479.71
1787,0.01588,,262.72,23.35,-0.016,450.96,,477.01
1788,0.01567,,251.87,23.247,-0.015,447.67,,474.1
1789,0.01567,,241.07,23.145,-0.014,444.23,,471.04
1790,0.01585,,230.16,23.046,-0.012,440.65,,467.78
1791,0.01623,,218.97,22.953,-0.01,436.89,,464.31
1792,0.01678,,207.4,22.867,-0.008,432.95,,460.59
1793,0.01748,,195.35,22.792,-0.005,428.85,,456.64
1794,0.01832,,182.81,22.728,-0.001,424.67,,452.54
1795,0.01928,,169.75,22.677,0.003,420.59,,448.45
1796,0.02032,,156.22,22.642,0.008,416.83,,444.64
1797,0.02145,,142.25,22.621,0.013,413.7,,441.4
1798,0.02262,,127.88,22.616,0.018,411.52,,439.11
1799,0.02385,,113.18,22.627,0.022,410.64,,438.1
1800,0.0251,,98.19,22.654,0.025,411.32,,438.7
1801,0.02638,,82.95,22.695,0.026,413.78,,441.1
1802,0.02767,,67.51,22.749,0.026,418.07,,445.39
1803,0.02896,,51.9,22.816,0.023,424.12,,451.48
1804,0.03026,,36.14,22.893,0.018,431.68,,459.1
1805,0.03154,,20.28,22.978,0.011,440.3,,467.79
1806,0.03281,,4.32,23.07,0.002,449.41,,476.95
1807,0.03406,,348.29,23.166,-0.007,458.29,,485.82
1808,0.0353,,332.21,23.264,-0.016,466.19,,493.62
1809,0.0365,,316.08,23.362,-0.025,472.36,,499.56
1810,0.03768,,299.91,23.458,-0.033,476.16,,503.01
1811,0.03883,,283.72,23.55,-0.038,477.16,,503.51
1812,0.03995,,267.51,23.637,-0.04,475.16,,500.89
1813,0.04103,,251.28,23.716,-0.039,470.25,,495.25
1814,0.04208,,235.04,23.787,-0.034,462.84,,487.04
1815,0.04308,,218.78,23.847,-0.027,453.56,,476.93
1816,0.04405,,202.51,23.897,-0.017,443.25,,465.81
1817,0.04497,,186.23,23.936,-0.005,432.82,,454.66
1818,0.04586,,169.93,23.962,0.008,423.23,,444.44
1819,0.0467,,153.61,23.976,0.021,415.33,,436.07
1820,0.04749,,137.28,23.977,0.032,409.85,,430.3
1821,0.04824,,120.93,23.967,0.041,407.31,,427.69
1822,0.04895,,104.55,23.944,0.047,408,,428.53
1823,0.04961,,88.15,23.91,0.05,411.97,,432.88
1824,0.05022,,71.73,23.866,0.048,419.01,,440.51
1825,0.05079,,55.27,23.812,0.042,428.62,,450.91
1826,0.05131,,38.79,23.748,0.032,440.08,,463.29
1827,0.05179,,22.27,23.678,0.02,452.42,,476.69
1828,0.05222,,5.72,23.601,0.005,464.55,,489.92
1829,0.05261,,349.13,23.52,-0.01,475.31,,501.75
1830,0.05295,,332.5,23.435,-0.024,483.6,,511.01
1831,0.05325,,315.84,23.348,-0.037,488.49,,516.71
1832,0.0535,,299.14,23.262,-0.047,489.39,,518.19
1833,0.05372,,282.41,23.177,-0.052,486.07,,515.2
1834,0.05389,,265.64,23.096,-0.054,478.75,,507.93
1835,0.05401,,248.84,23.02,-0.05,468.03,,497.01
1836,0.0541,,232.01,22.95,-0.043,454.87,,483.44
1837,0.05415,,215.15,22.888,-0.031,440.44,,468.44
1838,0.05415,,198.27,22.836,-0.017,425.98,,453.35
1839,0.05412,,181.38,22.794,-0.001,412.72,,439.45
1840,0.05405,,164.47,22.764,0.014,401.71,,427.88
1841,0.05394,,147.56,22.746,0.029,393.79,,419.54
1842,0.05379,,130.65,22.74,0.041,389.55,,415.05
1843,0.05361,,113.75,22.747,0.049,389.27,,414.71
1844,0.0534,,96.85,22.767,0.053,392.93,,418.52
1845,0.05314,,79.98,22.798,0.052,400.26,,426.16
1846,0.05286,,63.13,22.842,0.047,410.68,,437.03
1847,0.05254,,46.3,22.895,0.038,423.36,,450.24
1848,0.05219,,29.51,22.958,0.026,437.29,,464.71
1849,0.0518,,12.76,23.029,0.011,451.32,,479.22
1850,0.05139,,356.05,23.105,-0.004,464.27,,492.51
1851,0.05094,,339.38,23.186,-0.018,475.04,,503.45
1852,0.05046,,322.75,23.269,-0.031,482.74,,511.1
1853,0.04995,,306.17,23.353,-0.04,486.77,,514.86
1854,0.04941,,289.63,23.435,-0.047,486.9,,514.51
1855,0.04884,,273.13,23.513,-0.049,483.29,,510.21
1856,0.04825,,256.67,23.586,-0.047,476.44,,502.54
1857,0.04762,,240.25,23.653,-0.041,467.12,,492.32
1858,0.04696,,223.87,23.71,-0.033,456.28,,480.57
1859,0.04628,,207.51,23.759,-0.021,444.96,,468.38
1860,0.04556,,191.18,23.796,-0.009,434.14,,456.78
1861,0.04482,,174.88,23.822,0.004,424.68,,446.7
1862,0.04405,,158.59,23.836,0.016,417.29,,438.85
1863,0.04325,,142.31,23.838,0.026,412.44,,433.75
1864,0.04242,,126.04,23.827,0.034,410.39,,431.64
1865,0.04157,,109.77,23.804,0.039,411.16,,432.56
1866,0.04069,,93.5,23.771,0.041,414.55,,436.31
1867,0.03978,,77.24,23.727,0.039,420.18,,442.46
1868,0.03884,,60.96,23.674,0.034,427.47,,450.43
1869,0.03788,,44.68,23.613,0.027,435.74,,459.47
1870,0.0369,,28.39,23.546,0.018,444.21,,468.78
1871,0.03588,,12.1,23.475,0.008,452.12,,477.52
1872,0.03485,,355.8,23.401,-0.003,458.74,,484.95
1873,0.03379,,339.51,23.327,-0.012,463.52,,490.43
1874,0.0327,,323.21,23.254,-0.02,466.06,,493.54
1875,0.0316,,306.94,23.184,-0.025,466.23,,494.13
1876,0.03048,,290.68,23.119,-0.029,464.11,,492.26
1877,0.02933,,274.46,23.061,-0.029,460.02,,488.25
1878,0.02817,,258.28,23.011,-0.028,454.43,,482.61
1879,0.027,,242.17,22.971,-0.024,447.93,,475.94
1880,0.02581,,226.14,22.941,-0.019,441.15,,468.9
1881,0.02461,,210.22,22.922,-0.012,434.68,,462.12
1882,0.02341,,194.44,22.914,-0.006,429,,456.14
1883,0.0222,,178.81,22.918,0,424.51,,451.34
1884,0.021,,163.39,22.932,0.006,421.42,,447.97
1885,0.0198,,148.21,22.957,0.01,419.82,,446.14
1886,0.01861,,133.32,22.992,0.014,419.64,,445.77
1887,0.01745,,118.78,23.035,0.015,420.71,,446.67
1888,0.01631,,104.66,23.085,0.016,422.76,,448.59
1889,0.01522,,91.02,23.141,0.015,425.5,,451.21
1890,0.01419,,77.96,23.2,0.014,428.63,,454.19
1891,0.01324,,65.56,23.262,0.012,431.86,,457.27
1892,0.01238,,53.9,23.325,0.01,434.98,,460.23
1893,0.01165,,43.03,23.388,0.008,437.85,,462.94
1894,0.01107,,32.93,23.447,0.006,440.42,,465.32
1895,0.01068,,23.5,23.503,0.004,442.71,,467.42
1896,0.01048,,14.52,23.554,0.003,444.77,,469.31
1897,0.01049,,5.69,23.599,0.001,446.71,,471.11
1898,0.01071,,356.66,23.637,-0.001,448.6,,472.9
1899,0.01113,,347.16,23.667,-0.002,450.5,,474.73
1900,0.01171,,336.97,23.688,-0.005,452.39,,476.61
1901,0.01244,,326.02,23.7,-0.007,454.21,,478.45
1902,0.01329,,314.31,23.703,-0.01,455.79,,480.1
1903,0.01422,,301.87,23.697,-0.012,456.94,,481.34
1904,0.01522,,288.81,23.682,-0.014,457.41,,481.93
1905,0.01627,,275.18,23.658,-0.016,456.97,,481.6
1906,0.01735,,261.08,23.626,-0.017,455.44,,480.17
1907,0.01846,,246.56,23.586,-0.017,452.7,,477.51
1908,0.01957,,231.7,23.54,-0.015,448.77,,473.62
1909,0.02069,,216.52,23.488,-0.012,443.79,,468.66
1910,0.0218,,201.09,23.431,-0.008,438.05,,462.9
1911,0.0229,,185.42,23.371,-0.002,431.94,,456.78
1912,0.02399,,169.55,23.308,0.004,425.95,,450.77
1913,0.02506,,153.5,23.245,0.011,420.61,,445.46
1914,0.0261,,137.29,23.182,0.018,416.44,,441.37
1915,0.02712,,120.94,23.121,0.023,413.87,,438.96
1916,0.02811,,104.46,23.064,0.027,413.25,,438.6
1917,0.02906,,87.86,23.011,0.029,414.75,,440.48
1918,0.02998,,71.17,22.964,0.028,418.37,,444.57
1919,0.03086,,54.38,22.924,0.025,423.91,,450.67
1920,0.0317,,37.52,22.893,0.019,430.97,,458.34
1921,0.0325,,20.59,22.871,0.011,438.96,,466.96
1922,0.03326,,3.6,22.859,0.002,447.16,,475.75
1923,0.03398,,346.56,22.858,-0.008,454.78,,483.87
1924,0.03464,,329.48,22.868,-0.018,461.02,,490.44
1925,0.03526,,312.37,22.889,-0.026,465.19,,494.76
1926,0.03584,,295.24,22.922,-0.032,466.82,,496.31
1927,0.03636,,278.1,22.965,-0.036,465.67,,494.82
1928,0.03684,,260.95,23.018,-0.036,461.81,,490.41
1929,0.03727,,243.81,23.08,-0.033,455.63,,483.49
1930,0.03765,,226.67,23.15,-0.027,447.75,,474.73
1931,0.03798,,209.54,23.227,-0.019,438.98,,465.01
1932,0.03825,,192.43,23.309,-0.008,430.2,,455.28
1933,0.03848,,175.35,23.393,0.003,422.32,,446.48
1934,0.03866,,158.28,23.479,0.014,416.09,,439.45
1935,0.03878,,141.25,23.564,0.024,412.16,,434.86
1936,0.03886,,124.24,23.646,0.032,410.92,,433.13
1937,0.03889,,107.25,23.724,0.037,412.56,,434.46
1938,0.03887,,90.29,23.794,0.039,417,,438.76
1939,0.0388,,73.35,23.856,0.037,423.93,,445.73
1940,0.03869,,56.43,23.908,0.032,432.82,,454.8
1941,0.03853,,39.52,23.948,0.025,442.93,,465.2
1942,0.03832,,22.63,23.975,0.015,453.4,,476.04
1943,0.03807,,5.73,23.988,0.004,463.29,,486.35
1944,0.03778,,348.84,23.986,-0.007,471.69,,495.18
1945,0.03745,,331.93,23.969,-0.018,477.82,,501.71
1946,0.03707,,315.02,23.937,-0.026,481.08,,505.32
1947,0.03666,,298.08,23.89,-0.032,481.16,,505.7
1948,0.03621,,281.11,23.829,-0.036,478.07,,502.82
1949,0.03572,,264.1,23.755,-0.036,472.11,,496.98
1950,0.0352,,247.06,23.669,-0.032,463.84,,488.79
1951,0.03464,,229.97,23.572,-0.027,454.05,,479
1952,0.03405,,212.82,23.468,-0.018,443.59,,468.55
1953,0.03344,,195.62,23.358,-0.009,433.36,,458.34
1954,0.03279,,178.35,23.245,0.001,424.17,,449.23
1955,0.03212,,161.02,23.131,0.01,416.7,,441.91
1956,0.03142,,143.63,23.02,0.019,411.43,,436.9
1957,0.03069,,126.16,22.913,0.025,408.64,,434.5
1958,0.02995,,108.63,22.815,0.028,408.4,,434.74
1959,0.02918,,91.03,22.728,0.029,410.53,,437.47
1960,0.0284,,73.37,22.653,0.027,414.67,,442.27
1961,0.0276,,55.65,22.594,0.023,420.32,,448.61
1962,0.02678,,37.88,22.552,0.016,426.82,,455.77
1963,0.02596,,20.06,22.528,0.009,433.49,,463.03
1964,0.02511,,2.19,22.523,0.001,439.65,,469.64
1965,0.02426,,344.28,22.537,-0.007,444.73,,474.98
1966,0.0234,,326.34,22.571,-0.013,448.29,,478.6
1967,0.02253,,308.37,22.622,-0.018,450.1,,480.23
1968,0.02166,,290.36,22.691,-0.02,450.15,,479.9
1969,0.02078,,272.32,22.774,-0.021,448.62,,477.79
1970,0.01991,,254.24,22.87,-0.019,445.88,,474.33
1971,0.01903,,236.11,22.977,-0.016,442.4,,470.03
1972,0.01815,,217.93,23.091,-0.011,438.71,,465.47
1973,0.01728,,199.69,23.211,-0.006,435.32,,461.23
1974,0.01642,,181.35,23.332,-0,432.67,,457.76
1975,0.01556,,162.9,23.453,0.005,431.1,,455.44
1976,0.01472,,144.31,23.57,0.009,430.79,,454.49
1977,0.0139,,125.54,23.681,0.011,431.8,,454.95
1978,0.01309,,106.56,23.783,0.013,434.04,,456.76
1979,0.01231,,87.31,23.875,0.012,437.28,,459.67
1980,0.01156,,67.74,23.954,0.011,441.19,,463.34
1981,0.01085,,47.79,24.02,0.008,445.38,,467.37
1982,0.01018,,27.4,24.07,0.005,449.41,,471.31
1983,0.00957,,6.51,24.105,0.001,452.87,,474.75
1984,0.00902,,345.06,24.124,-0.002,455.42,,477.32
1985,0.00856,,323.04,24.127,-0.005,456.81,,478.76
1986,0.00818,,300.46,24.113,-0.007,456.9,,478.93
1987,0.00791,,277.38,24.084,-0.008,455.71,,477.85
1988,0.00775,,253.94,24.04,-0.007,453.4,,475.67
1989,0.0077,,230.33,23.983,-0.006,450.21,,472.65
1990,0.00778,,206.75,23.913,-0.004,446.51,,469.15
1991,0.00796,,183.41,23.833,-0,442.69,,465.58
1992,0.00825,,160.46,23.743,0.003,439.13,,462.33
1993,0.00863,,137.99,23.647,0.006,436.2,,459.78
1994,0.00909,,116.06,23.544,0.008,434.16,,458.17
1995,0.0096,,94.63,23.439,0.01,433.17,,457.71
1996,0.01017,,73.69,23.332,0.01,433.27,,458.39
1997,0.01077,,53.18,23.226,0.009,434.36,,460.12
1998,0.01141,,33.04,23.123,0.006,436.23,,462.67
1999,0.01206,,13.22,23.025,0.003,438.55,,465.67
2000,0.01273,,353.67,22.934,-0.001,440.94,,468.72
2001,0.01341,,334.36,22.851,-0.006,442.96,,471.33
2002,0.0141,,315.24,22.778,-0.01,444.24,,473.11
2003,0.01478,,296.29,22.716,-0.013,444.46,,473.68
2004,0.01547,,277.48,22.667,-0.015,443.43,,472.86
2005,0.01614,,258.81,22.631,-0.016,441.11,,470.59
2006,0.01681,,240.24,22.609,-0.015,437.64,,467.01
2007,0.01746,,221.77,22.602,-0.012,433.32,,462.44
2008,0.0181,,203.4,22.609,-0.007,428.57,,457.33
2009,0.01873,,185.11,22.63,-0.002,423.89,,452.22
2010,0.01933,,166.9,22.666,0.004,419.8,,447.68
2011,0.01992,,148.77,22.714,0.01,416.81,,444.23
2012,0.02048,,130.71,22.775,0.016,415.31,,442.32
2013,0.02102,,112.73,22.846,0.019,415.6,,442.23
2014,0.02153,,94.82,22.928,0.021,417.77,,444.13
2015,0.02202,,76.98,23.017,0.021,421.79,,447.92
2016,0.02248,,59.21,23.113,0.019,427.42,,453.38
2017,0.0229,,41.51,23.214,0.015,434.27,,460.1
2018,0.0233,,23.87,23.316,0.009,441.79,,467.49
2019,0.02366,,6.3,23.42,0.003,449.37,,474.94
2020,0.02398,,348.79,23.521,-0.005,456.36,,481.74
2021,0.02427,,331.33,23.619,-0.012,462.14,,487.27
2022,0.02453,,313.93,23.712,-0.018,466.19,,491.01
2023,0.02474,,296.57,23.796,-0.022,468.17,,492.59
2024,0.02492,,279.26,23.871,-0.025,467.93,,491.9
2025,0.02505,,261.98,23.935,-0.025,465.55,,489.02
2026,0.02515,,244.74,23.987,-0.023,461.32,,484.29
2027,0.0252,,227.51,24.024,-0.019,455.7,,478.17
2028,0.02521,,210.31,24.047,-0.013,449.29,,471.32
2029,0.02518,,193.11,24.054,-0.006,442.71,,464.38
2030,0.0251,,175.92,24.045,0.002,436.59,,458.01
2031,0.02498,,158.71,24.02,0.009,431.48,,452.78
2032,0.02482,,141.5,23.979,0.015,427.8,,449.13
2033,0.02461,,124.26,23.923,0.02,425.83,,447.36
2034,0.02436,,106.99,23.853,0.023,425.65,,447.55
2035,0.02406,,89.69,23.77,0.024,427.19,,449.61
2036,0.02371,,72.34,23.676,0.023,430.19,,453.28
2037,0.02333,,54.94,23.572,0.019,434.24,,458.1
2038,0.02289,,37.48,23.462,0.014,438.84,,463.57
2039,0.02242,,19.96,23.348,0.008,443.42,,469.04
2040,0.0219,,2.38,23.233,0.001,447.43,,473.92
2041,0.02134,,344.72,23.12,-0.006,450.35,,477.67
2042,0.02074,,327,23.011,-0.011,451.83,,479.85
2043,0.02009,,309.21,22.911,-0.016,451.67,,480.26
2044,0.01941,,291.35,22.821,-0.018,449.88,,478.87
2045,0.01868,,273.42,22.745,-0.019,446.67,,475.88
2046,0.01792,,255.42,22.685,-0.017,442.4,,471.67
2047,0.01712,,237.37,22.643,-0.014,437.56,,466.75
2048,0.01629,,219.25,22.619,-0.01,432.69,,461.68
2049,0.01542,,201.07,22.616,-0.006,428.31,,457.02
2050,0.01452,,182.82,22.633,-0.001,424.87,,453.26
2051,0.01359,,164.51,22.669,0.004,422.68,,450.73
2052,0.01264,,146.12,22.724,0.007,421.94,,449.64
2053,0.01165,,127.61,22.796,0.009,422.64,,450.01
2054,0.01064,,108.97,22.883,0.01,424.65,,451.68
2055,0.00962,,90.13,22.982,0.01,427.69,,454.37
2056,0.00857,,71,23.09,0.008,431.39,,457.72
2057,0.00752,,51.42,23.204,0.006,435.33,,461.27
2058,0.00646,,31.14,23.321,0.003,439.1,,464.63
2059,0.0054,,9.71,23.436,0.001,442.35,,467.41
2060,0.00438,,346.27,23.548,-0.001,444.81,,469.4
2061,0.00342,,319.14,23.652,-0.002,446.34,,470.43
2062,0.00264,,285.15,23.746,-0.003,446.96,,470.55
2063,0.00224,,241.44,23.828,-0.002,446.78,,469.92
2064,0.00243,,194.99,23.894,-0.001,446.04,,468.77
2065,0.00311,,157.22,23.944,0.001,445.05,,467.44
2066,0.00405,,127.95,23.976,0.003,444.1,,466.27
2067,0.00511,,103.55,23.99,0.005,443.49,,465.56
2068,0.00623,,81.79,23.985,0.006,443.45,,465.53
2069,0.00737,,61.52,23.962,0.006,444.09,,466.34
2070,0.00854,,42.17,23.921,0.006,445.41,,467.95
2071,0.00971,,23.41,23.864,0.004,447.28,,470.24
2072,0.01088,,5.03,23.792,0.001,449.47,,472.95
2073,0.01205,,346.91,23.707,-0.003,451.64,,475.71
2074,0.01321,,328.98,23.612,-0.007,453.4,,478.09
2075,0.01437,,311.17,23.51,-0.011,454.34,,479.68
2076,0.01552,,293.45,23.403,-0.014,454.13,,480.07
2077,0.01665,,275.79,23.294,-0.017,452.52,,478.97
2078,0.01777,,258.16,23.187,-0.017,449.41,,476.28
2079,0.01887,,240.56,23.085,-0.016,444.88,,472.06
2080,0.01996,,222.98,22.99,-0.014,439.2,,466.55
2081,0.02103,,205.41,22.906,-0.009,432.78,,460.2
2082,0.02208,,187.85,22.833,-0.003,426.17,,453.56
2083,0.02311,,170.3,22.775,0.004,419.98,,447.28
2084,0.02412,,152.78,22.733,0.011,414.81,,442
2085,0.0251,,135.27,22.708,0.018,411.21,,438.3
2086,0.02607,,117.8,22.699,0.023,409.61,,436.63
2087,0.027,,100.36,22.708,0.027,410.27,,437.3
2088,0.02792,,82.96,22.733,0.028,413.28,,440.36
2089,0.02881,,65.6,22.774,0.026,418.49,,445.71
2090,0.02967,,48.3,22.828,0.022,425.58,,452.97
2091,0.03051,,31.06,22.894,0.016,434.03,,461.59
2092,0.03132,,13.88,22.971,0.008,443.15,,470.87
2093,0.0321,,356.77,23.056,-0.002,452.18,,479.97
2094,0.03286,,339.71,23.146,-0.011,460.3,,488.06
2095,0.0336,,322.73,23.239,-0.02,466.76,,494.37
2096,0.0343,,305.81,23.334,-0.028,470.95,,498.25
2097,0.03498,,288.95,23.427,-0.033,472.48,,499.31
2098,0.03563,,272.15,23.518,-0.036,471.19,,497.41
2099,0.03625,,255.41,23.603,-0.035,467.21,,492.71
2100,0.03685,,238.73,23.682,-0.032,460.96,,485.67
2101,0.03742,,222.09,23.753,-0.025,453.03,,476.91
2102,0.03797,,205.49,23.814,-0.016,444.19,,467.26
2103,0.03848,,188.94,23.866,-0.006,435.26,,457.6
2104,0.03898,,172.42,23.906,0.005,427.07,,448.76
2105,0.03944,,155.92,23.936,0.016,420.34,,441.54
2106,0.03988,,139.45,23.953,0.026,415.68,,436.55
2107,0.0403,,123,23.959,0.034,413.5,,434.23
2108,0.04068,,106.56,23.952,0.039,414.03,,434.82
2109,0.04104,,90.13,23.934,0.041,417.27,,438.32
2110,0.04138,,73.7,23.905,0.04,423.01,,444.5
2111,0.04169,,57.27,23.864,0.035,430.82,,452.93
2112,0.04197,,40.83,23.813,0.027,440.09,,462.96
2113,0.04223,,24.38,23.752,0.017,450.04,,473.77
2114,0.04246,,7.92,23.681,0.006,459.78,,484.42
2115,0.04266,,351.43,23.603,-0.006,468.4,,493.96
2116,0.04284,,334.93,23.517,-0.018,475.03,,501.47
2117,0.04299,,318.39,23.426,-0.029,478.98,,506.19
2118,0.04312,,301.83,23.33,-0.037,479.75,,507.59
2119,0.04321,,285.23,23.23,-0.042,477.17,,505.44
2120,0.04328,,268.59,23.13,-0.043,471.35,,499.88
2121,0.04332,,251.92,23.03,-0.041,462.74,,491.35
2122,0.04332,,235.21,22.932,-0.036,452.06,,480.55
2123,0.0433,,218.46,22.839,-0.027,440.19,,468.45
2124,0.04325,,201.67,22.753,-0.016,428.11,,456.07
2125,0.04317,,184.86,22.675,-0.004,416.81,,444.43
2126,0.04306,,168.01,22.609,0.009,407.17,,434.49
2127,0.04291,,151.13,22.556,0.021,399.91,,427.02
2128,0.04273,,134.24,22.518,0.031,395.57,,422.58
2129,0.04252,,117.34,22.497,0.038,394.43,,421.47
2130,0.04228,,100.43,22.493,0.042,396.55,,423.75
2131,0.042,,83.53,22.509,0.042,401.74,,429.22
2132,0.04169,,66.66,22.545,0.038,409.58,,437.4
2133,0.04135,,49.81,22.6,0.032,419.43,,447.63
2134,0.04097,,33,22.674,0.022,430.5,,459.04
2135,0.04055,,16.24,22.766,0.011,441.91,,470.68
2136,0.0401,,359.54,22.875,-0,452.72,,481.58
2137,0.03962,,342.92,22.998,-0.012,462.09,,490.84
2138,0.0391,,326.39,23.132,-0.022,469.32,,497.71
2139,0.03854,,309.94,23.276,-0.03,473.94,,501.76
2140,0.03795,,293.59,23.424,-0.035,475.74,,502.77
2141,0.03733,,277.34,23.574,-0.037,474.78,,500.87
2142,0.03668,,261.2,23.722,-0.036,471.4,,496.43
2143,0.03599,,245.17,23.864,-0.033,466.11,,490.03
2144,0.03527,,229.25,23.997,-0.027,459.57,,482.38
2145,0.03452,,213.45,24.118,-0.019,452.46,,474.26
2146,0.03374,,197.75,24.222,-0.01,445.46,,466.34
2147,0.03294,,182.17,24.307,-0.001,439.15,,459.27
2148,0.03212,,166.69,24.372,0.007,434.01,,453.54
2149,0.03127,,151.33,24.413,0.015,430.33,,449.47
2150,0.0304,,136.08,24.429,0.021,428.28,,447.24
2151,0.02952,,120.94,24.42,0.025,427.85,,446.85
2152,0.02862,,105.91,24.385,0.028,428.92,,448.15
2153,0.02772,,91,24.325,0.028,431.23,,450.89
2154,0.02682,,76.21,24.24,0.026,434.44,,454.7
2155,0.02592,,61.54,24.132,0.023,438.18,,459.2
2156,0.02502,,47.01,24.003,0.018,442.03,,463.96
2157,0.02415,,32.62,23.856,0.013,445.64,,468.56
2158,0.0233,,18.38,23.694,0.007,448.67,,472.65
2159,0.02248,,4.3,23.522,0.002,450.88,,475.96
2160,0.02171,,350.4,23.343,-0.004,452.14,,478.29
2161,0.021,,336.68,23.162,-0.008,452.39,,479.59
2162,0.02035,,323.15,22.985,-0.012,451.67,,479.84
2163,0.01978,,309.81,22.815,-0.015,450.09,,479.12
2164,0.0193,,296.64,22.659,-0.017,447.8,,477.57
2165,0.01893,,283.63,22.52,-0.018,444.99,,475.36
2166,0.01867,,270.74,22.402,-0.019,441.8,,472.61
2167,0.01854,,257.93,22.309,-0.018,438.39,,469.49
2168,0.01853,,245.14,22.244,-0.017,434.87,,466.08
2169,0.01865,,232.33,22.208,-0.015,431.34,,462.5
2170,0.0189,,219.42,22.202,-0.012,427.86,,458.8
2171,0.01928,,206.37,22.226,-0.009,424.5,,455.06
2172,0.01978,,193.15,22.279,-0.004,421.35,,451.4
2173,0.02038,,179.72,22.358,0,418.52,,447.94
2174,0.02108,,166.08,22.462,0.005,416.14,,444.86
2175,0.02187,,152.22,22.586,0.01,414.42,,442.36
2176,0.02274,,138.16,22.726,0.015,413.54,,440.69
2177,0.02366,,123.9,22.878,0.02,413.74,,440.1
2178,0.02464,,109.46,23.038,0.023,415.2,,440.82
2179,0.02566,,94.87,23.2,0.026,418.08,,443.02
2180,0.02672,,80.13,23.361,0.026,422.46,,446.79
2181,0.0278,,65.26,23.517,0.025,428.31,,452.15
2182,0.02889,,50.28,23.663,0.022,435.49,,458.93
2183,0.03,,35.2,23.797,0.017,443.72,,466.86
2184,0.03112,,20.02,23.915,0.011,452.59,,475.52
2185,0.03223,,4.75,24.016,0.003,461.56,,484.37
2186,0.03334,,349.39,24.098,-0.006,470.01,,492.76
2187,0.03443,,333.96,24.16,-0.015,477.27,,500.01
2188,0.03552,,318.45,24.201,-0.024,482.69,,505.45
2189,0.03658,,302.86,24.221,-0.031,485.71,,508.48
2190,0.03762,,287.19,24.22,-0.036,485.92,,508.7
2191,0.03864,,271.45,24.201,-0.039,483.15,,505.92
2192,0.03964,,255.62,24.163,-0.038,477.47,,500.2
2193,0.0406,,239.72,24.108,-0.035,469.21,,491.86
2194,0.04153,,223.75,24.039,-0.029,458.96,,481.52
2195,0.04243,,207.69,23.957,-0.02,447.5,,469.95
2196,0.04329,,191.55,23.865,-0.009,435.71,,458.07
2197,0.04412,,175.34,23.764,0.004,424.52,,446.83
2198,0.04491,,159.06,23.659,0.016,414.82,,437.18
2199,0.04566,,142.7,23.55,0.028,407.37,,429.88
2200,0.04637,,126.27,23.44,0.037,402.75,,425.56
2201,0.04704,,109.78,23.331,0.044,401.36,,424.63
2202,0.04767,,93.22,23.227,0.048,403.32,,427.24
2203,0.04826,,76.61,23.127,0.047,408.5,,433.24
2204,0.0488,,59.95,23.035,0.042,416.53,,442.24
2205,0.04931,,43.25,22.952,0.034,426.75,,453.55
2206,0.04977,,26.5,22.878,0.022,438.31,,466.23
2207,0.05019,,9.72,22.815,0.008,450.15,,479.19
2208,0.05057,,352.92,22.764,-0.006,461.14,,491.2
2209,0.0509,,336.1,22.725,-0.021,470.21,,501.08
2210,0.0512,,319.27,22.698,-0.033,476.39,,507.83
2211,0.05145,,302.44,22.685,-0.043,479.03,,510.72
2212,0.05167,,285.6,22.684,-0.05,477.8,,509.42
2213,0.05184,,268.78,22.696,-0.052,472.79,,504.01
2214,0.05198,,251.97,22.72,-0.049,464.51,,495.04
2215,0.05208,,235.18,22.755,-0.043,453.75,,483.36
2216,0.05214,,218.41,22.802,-0.032,441.56,,470.11
2217,0.05217,,201.68,22.859,-0.019,429.08,,456.52
2218,0.05216,,184.98,22.926,-0.005,417.44,,443.78
2219,0.05212,,168.32,23.001,0.011,407.66,,432.99
2220,0.05205,,151.7,23.083,0.025,400.53,,425
2221,0.05194,,135.14,23.171,0.037,396.65,,420.45
2222,0.0518,,118.62,23.264,0.045,396.33,,419.66
2223,0.05164,,102.15,23.358,0.05,399.63,,422.67
2224,0.05145,,85.74,23.453,0.051,406.34,,429.28
2225,0.05122,,69.39,23.547,0.048,416.01,,439.01
2226,0.05098,,53.08,23.638,0.041,427.95,,451.13
2227,0.05071,,36.83,23.723,0.03,441.3,,464.73
2228,0.05041,,20.63,23.801,0.018,455.04,,478.75
2229,0.05009,,4.48,23.87,0.004,468.1,,492.09
2230,0.04975,,348.37,23.927,-0.01,479.43,,503.66
2231,0.04938,,332.3,23.971,-0.023,488.13,,512.52
2232,0.049,,316.26,24.001,-0.034,493.5,,517.98
2233,0.04859,,300.25,24.015,-0.042,495.13,,519.6
2234,0.04816,,284.25,24.013,-0.047,492.94,,517.32
2235,0.04772,,268.27,23.993,-0.048,487.2,,511.42
2236,0.04725,,252.29,23.955,-0.045,478.44,,502.44
2237,0.04677,,236.31,23.9,-0.039,467.44,,491.21
2238,0.04627,,220.32,23.829,-0.03,455.12,,478.68
2239,0.04575,,204.31,23.742,-0.019,442.45,,465.83
2240,0.04522,,188.28,23.641,-0.007,430.35,,453.65
2241,0.04467,,172.2,23.528,0.006,419.67,,442.96
2242,0.0441,,156.09,23.406,0.018,411.06,,434.51
2243,0.04351,,139.94,23.278,0.028,405.02,,428.77
2244,0.04291,,123.74,23.148,0.036,401.82,,426.05
2245,0.04229,,107.48,23.019,0.04,401.54,,426.41
2246,0.04166,,91.19,22.895,0.042,404.04,,429.69
2247,0.04101,,74.84,22.781,0.04,409,,435.56
2248,0.04034,,58.46,22.679,0.034,415.91,,443.45
2249,0.03966,,42.05,22.594,0.027,424.13,,452.68
2250,0.03896,,25.62,22.529,0.017,432.93,,462.43
2251,0.03825,,9.18,22.486,0.006,441.54,,471.86
2252,0.03753,,352.76,22.468,-0.005,449.23,,480.18
2253,0.03679,,336.36,22.476,-0.015,455.38,,486.71
2254,0.03603,,320,22.511,-0.023,459.55,,490.97
2255,0.03527,,303.71,22.571,-0.029,461.51,,492.71
2256,0.03449,,287.5,22.655,-0.033,461.25,,491.94
2257,0.0337,,271.38,22.762,-0.034,459,,488.92
2258,0.0329,,255.38,22.888,-0.032,455.16,,484.1
2259,0.0321,,239.51,23.029,-0.028,450.23,,478.07
2260,0.03128,,223.77,23.181,-0.022,444.79,,471.43
2261,0.03047,,208.2,23.34,-0.014,439.4,,464.84
2262,0.02965,,192.78,23.5,-0.007,434.54,,458.82
2263,0.02883,,177.54,23.658,0.001,430.63,,453.84
2264,0.02802,,162.47,23.809,0.008,427.94,,450.2
2265,0.02722,,147.57,23.948,0.015,426.61,,448.06
2266,0.02642,,132.86,24.071,0.019,426.67,,447.47
2267,0.02564,,118.34,24.175,0.023,428.04,,448.35
2268,0.02488,,103.99,24.257,0.024,430.53,,450.53
2269,0.02415,,89.83,24.314,0.024,433.91,,453.75
2270,0.02345,,75.85,24.346,0.023,437.89,,457.73
2271,0.02278,,62.04,24.351,0.02,442.16,,462.17
2272,0.02216,,48.4,24.329,0.017,446.41,,466.74
2273,0.02159,,34.92,24.28,0.012,450.39,,471.17
2274,0.02107,,21.58,24.206,0.008,453.85,,475.22
2275,0.02062,,8.37,24.107,0.003,456.63,,478.67
2276,0.02024,,355.26,23.988,-0.002,458.59,,481.41
2277,0.01994,,342.22,23.85,-0.006,459.66,,483.33
2278,0.01972,,329.21,23.697,-0.01,459.82,,484.37
2279,0.01958,,316.19,23.533,-0.014,459.06,,484.5
2280,0.01954,,303.13,23.364,-0.016,457.4,,483.75
2281,0.01958,,289.97,23.192,-0.018,454.91,,482.09
2282,0.01971,,276.69,23.024,-0.02,451.62,,479.56
2283,0.01992,,263.23,22.863,-0.02,447.61,,476.21
2284,0.02022,,249.58,22.714,-0.019,442.97,,472.1
2285,0.0206,,235.71,22.583,-0.017,437.83,,467.36
2286,0.02104,,221.61,22.471,-0.014,432.34,,462.12
2287,0.02155,,207.28,22.382,-0.01,426.72,,456.59
2288,0.02211,,192.72,22.319,-0.005,421.23,,451.06
2289,0.02272,,177.94,22.283,0.001,416.16,,445.82
2290,0.02338,,162.96,22.275,0.007,411.85,,441.24
2291,0.02407,,147.8,22.294,0.013,408.61,,437.67
2292,0.02478,,132.48,22.339,0.018,406.75,,435.45
2293,0.02552,,117.02,22.408,0.023,406.55,,434.87
2294,0.02627,,101.44,22.5,0.026,408.17,,436.13
2295,0.02702,,85.77,22.61,0.027,411.69,,439.31
2296,0.02779,,70.02,22.736,0.026,417.04,,444.36
2297,0.02855,,54.2,22.873,0.023,424.05,,451.09
2298,0.0293,,38.34,23.019,0.018,432.36,,459.13
2299,0.03005,,22.43,23.169,0.011,441.49,,468
2300,0.03078,,6.5,23.319,0.003,450.86,,477.07
2301,0.0315,,350.54,23.466,-0.005,459.81,,485.69
2302,0.03219,,334.55,23.608,-0.014,467.65,,493.15
2303,0.03286,,318.55,23.741,-0.022,473.77,,498.81
2304,0.03351,,302.53,23.862,-0.028,477.63,,502.15
2305,0.03413,,286.49,23.97,-0.033,478.91,,502.85
2306,0.03472,,270.44,24.064,-0.035,477.48,,500.8
2307,0.03528,,254.35,24.141,-0.034,473.46,,496.12
2308,0.0358,,238.25,24.201,-0.03,467.2,,489.22
2309,0.03629,,222.12,24.244,-0.024,459.27,,480.68
2310,0.03674,,205.95,24.269,-0.016,450.37,,471.21
2311,0.03716,,189.76,24.276,-0.006,441.27,,461.65
2312,0.03754,,173.52,24.266,0.004,432.75,,452.79
2313,0.03788,,157.25,24.24,0.015,425.54,,445.39
2314,0.03818,,140.94,24.197,0.024,420.22,,440.04
2315,0.03844,,124.58,24.139,0.032,417.22,,437.2
2316,0.03865,,108.17,24.067,0.037,416.78,,437.12
2317,0.03883,,91.72,23.982,0.039,418.91,,439.79
2318,0.03897,,75.21,23.886,0.038,423.43,,445.04
2319,0.03907,,58.64,23.78,0.033,429.91,,452.43
2320,0.03913,,42.03,23.665,0.026,437.77,,461.31
2321,0.03914,,25.35,23.544,0.017,446.24,,470.92
2322,0.03912,,8.61,23.418,0.006,454.48,,480.34
2323,0.03906,,351.82,23.289,-0.006,461.63,,488.64
2324,0.03896,,334.96,23.16,-0.016,466.89,,494.97
2325,0.03883,,318.05,23.032,-0.026,469.64,,498.64
2326,0.03866,,301.08,22.908,-0.033,469.48,,499.21
2327,0.03845,,284.05,22.791,-0.037,466.33,,496.56
2328,0.03821,,266.97,22.682,-0.038,460.4,,490.88
2329,0.03793,,249.85,22.584,-0.036,452.2,,482.7
2330,0.03763,,232.68,22.5,-0.03,442.47,,472.79
2331,0.03729,,215.48,22.431,-0.022,432.07,,462.05
2332,0.03692,,198.25,22.38,-0.012,421.92,,451.47
2333,0.03653,,181,22.347,-0.001,412.88,,441.96
2334,0.0361,,163.75,22.336,0.01,405.71,,434.35
2335,0.03566,,146.49,22.346,0.02,400.95,,429.21
2336,0.03519,,129.26,22.378,0.027,398.98,,426.93
2337,0.0347,,112.04,22.431,0.032,399.89,,427.62
2338,0.03418,,94.86,22.506,0.034,403.59,,431.2
2339,0.03365,,77.73,22.601,0.033,409.76,,437.3
2340,0.0331,,60.66,22.715,0.029,417.89,,445.39
2341,0.03253,,43.66,22.844,0.022,427.35,,454.75
2342,0.03195,,26.72,22.986,0.014,437.37,,464.64
2343,0.03136,,9.87,23.139,0.005,447.2,,474.22
2344,0.03075,,353.1,23.298,-0.004,456.1,,482.75
2345,0.03013,,336.42,23.459,-0.012,463.45,,489.58
2346,0.02951,,319.82,23.62,-0.019,468.79,,494.29
2347,0.02887,,303.3,23.775,-0.024,471.87,,496.6
2348,0.02823,,286.87,23.922,-0.027,472.63,,496.54
2349,0.02758,,270.5,24.056,-0.028,471.23,,494.28
2350,0.02693,,254.21,24.174,-0.026,468,,490.21
2351,0.02628,,237.97,24.274,-0.022,463.4,,484.82
2352,0.02562,,221.79,24.352,-0.017,457.94,,478.66
2353,0.02496,,205.64,24.407,-0.011,452.15,,472.3
2354,0.0243,,189.52,24.437,-0.004,446.54,,466.28
2355,0.02363,,173.41,24.44,0.003,441.54,,461.04
2356,0.02297,,157.31,24.417,0.009,437.49,,456.92
2357,0.02231,,141.2,24.368,0.014,434.59,,454.16
2358,0.02165,,125.06,24.293,0.018,432.94,,452.84
2359,0.02099,,108.89,24.195,0.02,432.53,,452.95
2360,0.02034,,92.67,24.074,0.02,433.22,,454.32
2361,0.01968,,76.4,23.934,0.019,434.8,,456.74
2362,0.01903,,60.05,23.777,0.016,436.96,,459.85
2363,0.01838,,43.62,23.609,0.013,439.38,,463.32
2364,0.01773,,27.11,23.433,0.008,441.7,,466.74
2365,0.01709,,10.5,23.254,0.003,443.6,,469.75
2366,0.01644,,353.79,23.077,-0.002,444.81,,472.02
2367,0.0158,,336.98,22.908,-0.006,445.13,,473.32
2368,0.01516,,320.07,22.75,-0.01,444.46,,473.5
2369,0.01453,,303.07,22.608,-0.012,442.82,,472.55
2370,0.01389,,285.99,22.488,-0.013,440.34,,470.57
2371,0.01326,,268.83,22.393,-0.013,437.24,,467.79
2372,0.01263,,251.6,22.325,-0.012,433.79,,464.48
2373,0.012,,234.32,22.286,-0.01,430.33,,460.98
2374,0.01137,,217.01,22.279,-0.007,427.18,,457.65
2375,0.01074,,199.67,22.301,-0.004,424.63,,454.8
2376,0.01011,,182.33,22.353,-0,422.92,,452.68
2377,0.00949,,164.99,22.432,0.002,422.19,,451.47
2378,0.00886,,147.66,22.536,0.005,422.5,,451.26
2379,0.00824,,130.36,22.661,0.006,423.83,,452.01
2380,0.00762,,113.09,22.802,0.007,426.06,,453.62
2381,0.00701,,95.84,22.955,0.007,428.99,,455.9
2382,0.00639,,78.61,23.115,0.006,432.4,,458.65
2383,0.00578,,61.4,23.278,0.005,436.02,,461.6
2384,0.00517,,44.18,23.438,0.004,439.6,,464.5
2385,0.00456,,26.94,23.591,0.002,442.9,,467.14
2386,0.00396,,9.63,23.733,0.001,445.75,,469.35
2387,0.00336,,352.19,23.861,-0,448.02,,471.03
2388,0.00277,,334.5,23.97,-0.001,449.65,,472.12
2389,0.00219,,316.36,24.06,-0.002,450.66,,472.68
2390,0.00161,,297.26,24.128,-0.001,451.1,,472.77
2391,0.00105,,275.68,24.173,-0.001,451.1,,472.52
2392,0.00052,,243.93,24.194,-0,450.78,,472.06
2393,0.00027,,142.57,24.192,0,450.27,,471.53
2394,0.0007,,79.38,24.167,0.001,449.69,,471.06
2395,0.00121,,53.46,24.121,0.001,449.12,,470.74
2396,0.00173,,32.94,24.054,0.001,448.61,,470.57
2397,0.00224,,14,23.97,0.001,448.15,,470.55
2398,0.00274,,355.7,23.871,-0,447.68,,470.62
2399,0.00322,,337.68,23.759,-0.001,447.13,,470.66
2400,0.00369,,319.79,23.639,-0.002,446.39,,470.55
2401,0.00415,,301.95,23.513,-0.004,445.34,,470.16
2402,0.00458,,284.09,23.385,-0.004,443.91,,469.36
2403,0.005,,266.21,23.258,-0.005,442.04,,468.09
2404,0.00541,,248.27,23.135,-0.005,439.75,,466.34
2405,0.00579,,230.27,23.02,-0.004,437.1,,464.16
2406,0.00616,,212.21,22.916,-0.003,434.22,,461.68
2407,0.0065,,194.08,22.824,-0.002,431.31,,459.08
2408,0.00682,,175.88,22.748,0,428.58,,456.6
2409,0.00712,,157.62,22.688,0.003,426.27,,454.46
2410,0.0074,,139.31,22.646,0.005,424.6,,452.9
2411,0.00766,,120.94,22.622,0.007,423.73,,452.1
2412,0.0079,,102.52,22.617,0.008,423.77,,452.17
2413,0.00811,,84.06,22.629,0.008,424.76,,453.15
2414,0.0083,,65.56,22.659,0.008,426.62,,454.99
2415,0.00847,,47.03,22.704,0.006,429.21,,457.5
2416,0.00862,,28.46,22.764,0.004,432.31,,460.48
2417,0.00874,,9.86,22.836,0.002,435.65,,463.63
2418,0.00884,,351.24,22.919,-0.001,438.92,,466.65
2419,0.00892,,332.58,23.01,-0.004,441.83,,469.24
2420,0.00898,,313.88,23.108,-0.006,444.16,,471.17
2421,0.00902,,295.15,23.209,-0.008,445.73,,472.25
2422,0.00905,,276.37,23.313,-0.009,446.46,,472.46
2423,0.00905,,257.54,23.416,-0.009,446.38,,471.79
2424,0.00904,,238.65,23.517,-0.008,445.62,,470.43
2425,0.00902,,219.69,23.614,-0.006,444.38,,468.58
2426,0.00898,,200.65,23.705,-0.003,442.92,,466.53
2427,0.00893,,181.53,23.788,-0,441.51,,464.59
2428,0.00887,,162.3,23.862,0.003,440.42,,463.03
2429,0.00881,,142.97,23.927,0.005,439.87,,462.1
2430,0.00874,,123.52,23.979,0.007,440,,461.95
2431,0.00868,,103.94,24.019,0.008,440.86,,462.62
2432,0.00862,,84.23,24.046,0.009,442.4,,464.09
2433,0.00856,,64.39,24.059,0.008,444.49,,466.22
2434,0.00851,,44.41,24.057,0.006,446.89,,468.75
2435,0.00847,,24.29,24.04,0.003,449.33,,471.4
2436,0.00845,,4.04,24.008,0.001,451.48,,473.83
2437,0.00845,,343.68,23.962,-0.002,453.03,,475.73
2438,0.00846,,323.21,23.9,-0.005,453.72,,476.8
2439,0.00851,,302.66,23.825,-0.007,453.38,,476.87
2440,0.00858,,282.04,23.737,-0.008,451.91,,475.82
2441,0.00867,,261.39,23.637,-0.009,449.36,,473.69
2442,0.0088,,240.72,23.527,-0.008,445.89,,470.65
2443,0.00895,,220.05,23.408,-0.006,441.76,,466.94
2444,0.00913,,199.42,23.284,-0.003,437.31,,462.93
2445,0.00934,,178.84,23.156,0,432.92,,458.99
2446,0.00958,,158.33,23.027,0.004,428.97,,455.49
2447,0.00984,,137.9,22.9,0.007,425.78,,452.79
2448,0.01013,,117.57,22.779,0.009,423.63,,451.14
2449,0.01044,,97.34,22.667,0.01,422.65,,450.7
2450,0.01076,,77.22,22.567,0.01,422.88,,451.49
2451,0.0111,,57.22,22.482,0.009,424.22,,453.39
2452,0.01146,,37.34,22.415,0.007,426.47,,456.15
2453,0.01183,,17.59,22.368,0.004,429.32,,459.44
2454,0.01221,,357.97,22.345,-0,432.4,,462.88
2455,0.0126,,338.49,22.345,-0.005,435.33,,466.01
2456,0.01299,,319.16,22.371,-0.008,437.75,,468.46
2457,0.01338,,299.98,22.422,-0.012,439.38,,469.92
2458,0.01378,,280.95,22.497,-0.014,440.07,,470.22
2459,0.01418,,262.09,22.596,-0.014,439.76,,469.35
2460,0.01457,,243.41,22.716,-0.013,438.58,,467.41
2461,0.01496,,224.89,22.855,-0.011,436.74,,464.69
2462,0.01535,,206.55,23.008,-0.007,434.57,,461.54
2463,0.01573,,188.39,23.173,-0.002,432.45,,458.38
2464,0.0161,,170.41,23.345,0.003,430.74,,455.65
2465,0.01647,,152.61,23.52,0.008,429.81,,453.72
2466,0.01683,,134.97,23.692,0.012,429.9,,452.89
2467,0.01718,,117.5,23.859,0.015,431.21,,453.37
2468,0.01752,,100.19,24.015,0.017,433.78,,455.23
2469,0.01785,,83.02,24.156,0.018,437.55,,458.42
2470,0.01818,,65.99,24.28,0.017,442.33,,462.74
2471,0.01849,,49.08,24.382,0.014,447.83,,467.92
2472,0.01879,,32.28,24.46,0.01,453.65,,473.56
2473,0.01908,,15.58,24.513,0.005,459.36,,479.23
2474,0.01936,,358.96,24.538,-0,464.51,,484.45
2475,0.01963,,342.41,24.535,-0.006,468.63,,488.78
2476,0.01989,,325.92,24.503,-0.011,471.35,,491.79
2477,0.02014,,309.46,24.443,-0.016,472.37,,493.21
2478,0.02038,,293.04,24.356,-0.019,471.53,,492.84
2479,0.02061,,276.63,24.244,-0.02,468.81,,490.64
2480,0.02084,,260.22,24.11,-0.021,464.32,,486.74
2481,0.02105,,243.8,23.955,-0.019,458.33,,481.34
2482,0.02126,,227.35,23.784,-0.016,451.23,,474.85
2483,0.02146,,210.86,23.6,-0.011,443.48,,467.7
2484,0.02166,,194.34,23.409,-0.005,435.6,,460.43
2485,0.02185,,177.76,23.216,0.001,428.09,,453.54
2486,0.02203,,161.13,23.025,0.007,421.46,,447.53
2487,0.02221,,144.45,22.841,0.013,416.11,,442.81
2488,0.02239,,127.71,22.67,0.018,412.36,,439.72
2489,0.02256,,110.92,22.517,0.021,410.43,,438.46
2490,0.02273,,94.09,22.385,0.023,410.37,,439.08
2491,0.02289,,77.23,22.279,0.022,412.13,,441.53
2492,0.02305,,60.34,22.2,0.02,415.5,,445.55
2493,0.02321,,43.45,22.152,0.016,420.18,,450.82
2494,0.02336,,26.56,22.135,0.01,425.73,,456.88
2495,0.02351,,9.7,22.15,0.004,431.69,,463.19
2496,0.02365,,352.87,22.195,-0.003,437.53,,469.21
2497,0.02379,,336.09,22.268,-0.01,442.78,,474.42
2498,0.02393,,319.38,22.367,-0.016,447.01,,478.39
2499,0.02406,,302.73,22.488,-0.02,449.91,,480.79
2500,0.02419,,286.17,22.628,-0.023,451.29,,481.48
2501,0.02431,,269.69,22.782,-0.024,451.14,,480.44
2502,0.02442,,253.3,22.946,-0.023,449.58,,477.84
2503,0.02453,,237,23.115,-0.021,446.85,,473.98
2504,0.02462,,220.79,23.284,-0.016,443.3,,469.27
2505,0.02471,,204.67,23.45,-0.01,439.36,,464.19
2506,0.02479,,188.63,23.608,-0.004,435.46,,459.2
2507,0.02486,,172.66,23.756,0.003,432.02,,454.78
2508,0.02492,,156.76,23.889,0.01,429.41,,451.32
2509,0.02497,,140.91,24.006,0.016,427.93,,449.14
2510,0.025,,125.12,24.104,0.02,427.77,,448.45
2511,0.02503,,109.38,24.183,0.024,429.02,,449.33
2512,0.02503,,93.67,24.24,0.025,431.64,,451.77
2513,0.02503,,77.99,24.276,0.024,435.5,,455.61
2514,0.02501,,62.33,24.291,0.022,440.33,,460.59
2515,0.02497,,46.69,24.285,0.018,445.81,,466.35
2516,0.02492,,31.05,24.259,0.013,451.51,,472.46
2517,0.02485,,15.42,24.214,0.007,457,,478.46
2518,0.02477,,359.79,24.152,-0,461.82,,483.86
2519,0.02467,,344.16,24.074,-0.007,465.55,,488.22
2520,0.02456,,328.52,23.983,-0.013,467.86,,491.17
2521,0.02444,,312.88,23.881,-0.018,468.51,,492.46
2522,0.0243,,297.23,23.77,-0.022,467.4,,491.94
2523,0.02414,,281.57,23.652,-0.024,464.55,,489.62
2524,0.02397,,265.9,23.531,-0.024,460.14,,485.67
2525,0.0238,,250.24,23.408,-0.022,454.46,,480.38
2526,0.02361,,234.58,23.287,-0.019,447.9,,474.13
2527,0.02342,,218.92,23.169,-0.015,440.89,,467.36
2528,0.02321,,203.28,23.057,-0.009,433.89,,460.56
2529,0.02301,,187.66,22.953,-0.003,427.34,,454.17
2530,0.0228,,172.07,22.858,0.003,421.63,,448.6
2531,0.0226,,156.51,22.776,0.009,417.07,,444.18
2532,0.02239,,141.01,22.707,0.014,413.89,,441.16
2533,0.0222,,125.55,22.652,0.018,412.21,,439.65
2534,0.02201,,110.15,22.612,0.021,412.07,,439.7
2535,0.02184,,94.83,22.589,0.022,413.39,,441.24
2536,0.02168,,79.58,22.581,0.021,416.05,,444.12
2537,0.02154,,64.41,22.59,0.019,419.83,,448.1
2538,0.02142,,49.32,22.615,0.016,424.47,,452.92
2539,0.02133,,34.32,22.655,0.012,429.67,,458.26
2540,0.02127,,19.4,22.71,0.007,435.13,,463.78
2541,0.02124,,4.57,22.777,0.002,440.54,,469.16
2542,0.02124,,349.82,22.857,-0.004,445.6,,474.1
2543,0.02129,,335.13,22.947,-0.009,450.05,,478.33
2544,0.02137,,320.52,23.045,-0.014,453.66,,481.61
2545,0.02149,,305.95,23.149,-0.017,456.28,,483.78
2546,0.02165,,291.43,23.257,-0.02,457.77,,484.73
2547,0.02185,,276.94,23.367,-0.022,458.08,,484.43
2548,0.0221,,262.47,23.477,-0.022,457.23,,482.92
2549,0.02238,,248,23.582,-0.021,455.29,,480.26
2550,0.02271,,233.52,23.683,-0.018,452.41,,476.65
2551,0.02307,,219.03,23.775,-0.015,448.76,,472.29
2552,0.02346,,204.5,23.858,-0.01,444.62,,467.47
2553,0.02389,,189.93,23.929,-0.004,440.25,,462.49
2554,0.02435,,175.31,23.985,0.002,435.98,,457.69
2555,0.02483,,160.63,24.026,0.008,432.12,,453.42
2556,0.02534,,145.88,24.051,0.014,428.97,,449.99
2557,0.02587,,131.05,24.058,0.02,426.81,,447.68
2558,0.02641,,116.13,24.047,0.024,425.86,,446.74
2559,0.02697,,101.13,24.018,0.026,426.25,,447.31
2560,0.02754,,86.03,23.971,0.027,428.04,,449.43
2561,0.02811,,70.82,23.906,0.027,431.17,,453.07
2562,0.02869,,55.52,23.825,0.024,435.48,,458.03
2563,0.02927,,40.1,23.73,0.019,440.68,,464.03
2564,0.02984,,24.57,23.623,0.012,446.38,,470.64
2565,0.03041,,8.93,23.505,0.005,452.11,,477.33
2566,0.03098,,353.17,23.381,-0.004,457.33,,483.56
2567,0.03153,,337.3,23.253,-0.012,461.49,,488.71
2568,0.03207,,321.31,23.125,-0.02,464.1,,492.22
2569,0.03259,,305.22,23,-0.027,464.75,,493.64
2570,0.0331,,289.02,22.882,-0.031,463.21,,492.69
2571,0.03359,,272.72,22.775,-0.034,459.42,,489.28
2572,0.03406,,256.34,22.683,-0.033,453.57,,483.59
2573,0.0345,,239.88,22.608,-0.03,446.03,,475.98
2574,0.03492,,223.37,22.553,-0.024,437.39,,467.06
2575,0.03532,,206.8,22.52,-0.016,428.32,,457.56
2576,0.03569,,190.2,22.511,-0.006,419.59,,448.28
2577,0.03604,,173.59,22.526,0.004,411.94,,440.02
2578,0.03635,,156.97,22.566,0.014,406.01,,433.49
2579,0.03664,,140.38,22.629,0.023,402.35,,429.26
2580,0.0369,,123.81,22.713,0.031,401.31,,427.71
2581,0.03713,,107.29,22.817,0.035,403.06,,429.05
2582,0.03733,,90.83,22.937,0.037,407.54,,433.2
2583,0.03751,,74.44,23.07,0.036,414.53,,439.93
2584,0.03765,,58.12,23.212,0.032,423.57,,448.78
2585,0.03777,,41.89,23.358,0.025,434.08,,459.11
2586,0.03786,,25.74,23.505,0.016,445.32,,470.17
2587,0.03793,,9.67,23.648,0.006,456.48,,481.14
2588,0.03797,,353.68,23.783,-0.004,466.75,,491.18
2589,0.03798,,337.78,23.907,-0.014,475.36,,499.5
2590,0.03797,,321.95,24.015,-0.023,481.7,,505.5
2591,0.03794,,306.18,24.106,-0.031,485.31,,508.74
2592,0.03789,,290.48,24.177,-0.035,485.97,,509.01
2593,0.03782,,274.83,24.226,-0.038,483.71,,506.36
2594,0.03773,,259.23,24.251,-0.037,478.78,,501.04
2595,0.03762,,243.66,24.253,-0.034,471.63,,493.56
2596,0.0375,,228.11,24.23,-0.028,462.86,,484.5
2597,0.03737,,212.58,24.183,-0.02,453.16,,474.61
2598,0.03723,,197.06,24.114,-0.011,443.24,,464.6
2599,0.03708,,181.53,24.024,-0.001,433.78,,455.17
2600,0.03692,,165.99,23.915,0.009,425.41,,446.96
2601,0.03675,,150.43,23.791,0.018,418.62,,440.48
2602,0.03658,,134.84,23.653,0.026,413.77,,436.1
2603,0.03641,,119.22,23.506,0.032,411.09,,434.03
2604,0.03624,,103.55,23.354,0.035,410.65,,434.36
2605,0.03607,,87.85,23.2,0.036,412.38,,436.98
2606,0.03591,,72.09,23.049,0.034,416.04,,441.65
2607,0.03575,,56.29,22.904,0.03,421.28,,447.98
2608,0.0356,,40.45,22.77,0.023,427.65,,455.48
2609,0.03545,,24.57,22.651,0.015,434.6,,463.53
2610,0.03531,,8.65,22.549,0.005,441.52,,471.49
2611,0.03518,,352.71,22.467,-0.004,447.84,,478.7
2612,0.03506,,336.75,22.408,-0.014,453,,484.56
2613,0.03495,,320.78,22.372,-0.022,456.56,,488.57
2614,0.03485,,304.82,22.361,-0.029,458.22,,490.41
2615,0.03476,,288.86,22.375,-0.033,457.84,,489.94
2616,0.03469,,272.93,22.412,-0.035,455.49,,487.21
2617,0.03462,,257.03,22.472,-0.034,451.39,,482.48
2618,0.03456,,241.17,22.552,-0.03,445.91,,476.17
2619,0.03451,,225.35,22.65,-0.025,439.55,,468.82
2620,0.03447,,209.59,22.764,-0.017,432.86,,461.07
2621,0.03444,,193.88,22.889,-0.008,426.41,,453.51
2622,0.03442,,178.22,23.024,0.001,420.73,,446.75
2623,0.0344,,162.63,23.164,0.01,416.3,,441.32
2624,0.03438,,147.09,23.306,0.019,413.5,,437.62
2625,0.03437,,131.61,23.446,0.026,412.59,,435.92
2626,0.03436,,116.18,23.583,0.031,413.71,,436.4
2627,0.03436,,100.8,23.712,0.034,416.86,,439.04
2628,0.03435,,85.47,23.832,0.034,421.92,,443.74
2629,0.03434,,70.17,23.941,0.032,428.62,,450.21
2630,0.03433,,54.9,24.035,0.028,436.6,,458.07
2631,0.03432,,39.65,24.114,0.022,445.36,,466.83
2632,0.0343,,24.43,24.177,0.014,454.36,,475.91
2633,0.03428,,9.22,24.222,0.006,463.01,,484.7
2634,0.03426,,354.02,24.25,-0.004,470.69,,492.59
2635,0.03422,,338.83,24.259,-0.012,476.87,,498.99
2636,0.03418,,323.63,24.251,-0.02,481.09,,503.46
2637,0.03414,,308.42,24.224,-0.027,483,,505.62
2638,0.03408,,293.2,24.18,-0.031,482.45,,505.3
2639,0.03402,,277.96,24.12,-0.034,479.46,,502.53
2640,0.03396,,262.69,24.044,-0.034,474.21,,497.48
2641,0.03389,,247.41,23.955,-0.031,467.07,,490.52
2642,0.03381,,232.09,23.853,-0.027,458.53,,482.12
2643,0.03372,,216.73,23.741,-0.02,449.15,,472.89
2644,0.03363,,201.34,23.62,-0.012,439.56,,463.46
2645,0.03354,,185.92,23.492,-0.003,430.36,,454.45
2646,0.03344,,170.45,23.361,0.006,422.11,,446.44
2647,0.03335,,154.93,23.228,0.014,415.29,,439.91
2648,0.03325,,139.38,23.096,0.022,410.26,,435.27
2649,0.03315,,123.79,22.968,0.028,407.27,,432.75
2650,0.03305,,108.15,22.847,0.031,406.43,,432.48
2651,0.03296,,92.48,22.735,0.033,407.69,,434.41
2652,0.03287,,76.78,22.634,0.032,410.91,,438.36
2653,0.03279,,61.04,22.548,0.029,415.8,,444.03
2654,0.03272,,45.29,22.478,0.023,421.96,,450.98
2655,0.03265,,29.52,22.426,0.016,428.9,,458.69
2656,0.03259,,13.74,22.394,0.008,436.1,,466.57
2657,0.03255,,357.96,22.382,-0.001,443.01,,474.03
2658,0.03252,,342.18,22.391,-0.01,449.1,,480.49
2659,0.0325,,326.42,22.421,-0.018,453.91,,485.46
2660,0.03249,,310.68,22.472,-0.025,457.09,,488.56
2661,0.0325,,294.96,22.543,-0.029,458.44,,489.6
2662,0.03252,,279.28,22.632,-0.032,457.91,,488.52
2663,0.03256,,263.64,22.737,-0.032,455.6,,485.45
2664,0.03261,,248.05,22.855,-0.03,451.76,,480.67
2665,0.03268,,232.49,22.985,-0.026,446.77,,474.62
2666,0.03276,,216.99,23.123,-0.02,441.08,,467.81
2667,0.03285,,201.53,23.266,-0.012,435.18,,460.78
2668,0.03296,,186.11,23.41,-0.004,429.59,,454.07
2669,0.03307,,170.73,23.552,0.005,424.78,,448.23
2670,0.0332,,155.39,23.689,0.014,421.16,,443.69
2671,0.03334,,140.08,23.818,0.021,419.07,,440.82
2672,0.03348,,124.78,23.935,0.028,418.73,,439.85
2673,0.03362,,109.51,24.038,0.032,420.26,,440.92
2674,0.03378,,94.24,24.125,0.034,423.65,,444
2675,0.03393,,78.96,24.194,0.033,428.74,,448.98
2676,0.03408,,63.68,24.243,0.031,435.28,,455.56
2677,0.03423,,48.37,24.272,0.026,442.88,,463.36
2678,0.03437,,33.04,24.279,0.019,451.04,,471.86
2679,0.03451,,17.66,24.264,0.01,459.2,,480.49
2680,0.03463,,2.24,24.228,0.001,466.74,,488.58
2681,0.03475,,346.77,24.171,-0.008,473.04,,495.51
2682,0.03485,,331.23,24.095,-0.017,477.55,,500.68
2683,0.03494,,315.63,24.001,-0.024,479.83,,503.62
2684,0.03502,,299.94,23.892,-0.03,479.58,,504.02
2685,0.03507,,284.18,23.77,-0.034,476.7,,501.72
2686,0.03511,,268.33,23.639,-0.035,471.33,,496.85
2687,0.03512,,252.4,23.5,-0.033,463.79,,489.71
2688,0.03511,,236.37,23.358,-0.029,454.61,,480.81
2689,0.03508,,220.26,23.217,-0.023,444.43,,470.84
2690,0.03502,,204.06,23.079,-0.014,433.99,,460.53
2691,0.03494,,187.79,22.95,-0.005,424.05,,450.69
2692,0.03483,,171.44,22.831,0.005,415.32,,442.02
2693,0.0347,,155.02,22.727,0.015,408.38,,435.18
2694,0.03453,,138.55,22.639,0.023,403.7,,430.64
2695,0.03434,,122.04,22.571,0.029,401.56,,428.71
2696,0.03412,,105.49,22.524,0.033,402.06,,429.48
2697,0.03388,,88.94,22.499,0.034,405.1,,432.84
2698,0.0336,,72.38,22.497,0.032,410.38,,438.51
2699,0.0333,,55.84,22.517,0.028,417.47,,445.98
2700,0.03297,,39.33,22.558,0.021,425.77,,454.63
2701,0.03262,,22.86,22.618,0.013,434.62,,463.73
2702,0.03224,,6.45,22.697,0.004,443.3,,472.56
2703,0.03184,,350.1,22.79,-0.005,451.14,,480.38
2704,0.03142,,333.84,22.896,-0.014,457.57,,486.62
2705,0.03097,,317.66,23.011,-0.021,462.15,,490.82
2706,0.0305,,301.57,23.131,-0.026,464.65,,492.76
2707,0.03002,,285.59,23.254,-0.029,465.02,,492.44
2708,0.02952,,269.7,23.376,-0.03,463.41,,490.02
2709,0.02901,,253.92,23.493,-0.028,460.12,,485.87
2710,0.02849,,238.24,23.604,-0.024,455.59,,480.46
2711,0.02795,,222.67,23.705,-0.019,450.3,,474.32
2712,0.02741,,207.2,23.793,-0.013,444.77,,467.98
2713,0.02687,,191.83,23.868,-0.006,439.45,,461.98
2714,0.02633,,176.55,23.927,0.002,434.76,,456.72
2715,0.02578,,161.37,23.97,0.008,431.01,,452.56
2716,0.02524,,146.28,23.995,0.014,428.42,,449.7
2717,0.02472,,131.27,24.003,0.019,427.09,,448.26
2718,0.0242,,116.34,23.993,0.022,427.03,,448.24
2719,0.02369,,101.49,23.967,0.023,428.15,,449.57
2720,0.0232,,86.7,23.924,0.023,430.29,,452.05
2721,0.02274,,71.98,23.867,0.022,433.23,,455.44
2722,0.02229,,57.31,23.797,0.019,436.71,,459.49
2723,0.02188,,42.68,23.715,0.015,440.44,,463.86
2724,0.02149,,28.09,23.624,0.01,444.15,,468.27
2725,0.02113,,13.52,23.527,0.005,447.55,,472.41
2726,0.0208,,358.97,23.425,-0,450.42,,476
2727,0.02052,,344.43,23.322,-0.006,452.55,,478.84
2728,0.02026,,329.88,23.22,-0.01,453.78,,480.73
2729,0.02005,,315.32,23.122,-0.014,454.04,,481.57
2730,0.01987,,300.73,23.03,-0.017,453.28,,481.29
2731,0.01972,,286.1,22.947,-0.019,451.52,,479.9
2732,0.01962,,271.43,22.874,-0.02,448.86,,477.48
2733,0.01954,,256.71,22.814,-0.019,445.43,,474.16
2734,0.0195,,241.94,22.768,-0.017,441.4,,470.13
2735,0.01949,,227.1,22.738,-0.014,437.01,,465.63
2736,0.01951,,212.2,22.724,-0.01,432.51,,460.91
2737,0.01955,,197.24,22.726,-0.006,428.17,,456.28
2738,0.01961,,182.21,22.744,-0.001,424.26,,452.01
2739,0.0197,,167.13,22.778,0.004,421.04,,448.4
2740,0.01979,,151.99,22.826,0.009,418.76,,445.71
2741,0.0199,,136.8,22.888,0.014,417.6,,444.15
2742,0.02002,,121.56,22.961,0.017,417.68,,443.85
2743,0.02015,,106.28,23.045,0.019,419.09,,444.91
2744,0.02027,,90.96,23.135,0.02,421.8,,447.3
2745,0.0204,,75.62,23.231,0.02,425.7,,450.93
2746,0.02053,,60.24,23.33,0.018,430.62,,455.61
2747,0.02064,,44.85,23.429,0.015,436.29,,461.07
2748,0.02076,,29.43,23.525,0.01,442.38,,466.96
2749,0.02086,,13.99,23.618,0.005,448.51,,472.92
2750,0.02095,,358.54,23.703,-0.001,454.29,,478.51
2751,0.02103,,343.07,23.78,-0.006,459.31,,483.36
2752,0.0211,,327.59,23.847,-0.011,463.23,,487.11
2753,0.02115,,312.08,23.901,-0.016,465.78,,489.46
2754,0.02119,,296.56,23.942,-0.019,466.76,,490.26
2755,0.02121,,281.02,23.969,-0.021,466.12,,489.44
2756,0.02121,,265.46,23.981,-0.021,463.92,,487.06
2757,0.0212,,249.87,23.977,-0.02,460.34,,483.32
2758,0.02116,,234.25,23.958,-0.017,455.65,,478.5
2759,0.02111,,218.6,23.924,-0.013,450.21,,472.99
2760,0.02105,,202.92,23.875,-0.008,444.43,,467.18
2761,0.02096,,187.2,23.813,-0.003,438.72,,461.52
2762,0.02086,,171.43,23.738,0.003,433.46,,456.39
2763,0.02075,,155.63,23.652,0.009,429,,452.15
2764,0.02061,,139.78,23.558,0.013,425.61,,449.09
2765,0.02047,,123.88,23.456,0.017,423.46,,447.35
2766,0.02031,,107.94,23.35,0.019,422.63,,447.03
2767,0.02013,,91.94,23.242,0.02,423.08,,448.09
2768,0.01994,,75.9,23.134,0.019,424.7,,450.38
2769,0.01975,,59.81,23.029,0.017,427.26,,453.66
2770,0.01954,,43.68,22.929,0.013,430.49,,457.63
2771,0.01932,,27.5,22.838,0.009,434.04,,461.92
2772,0.01909,,11.29,22.756,0.004,437.58,,466.13
2773,0.01886,,355.05,22.688,-0.002,440.76,,469.9
2774,0.01862,,338.78,22.633,-0.007,443.28,,472.89
2775,0.01837,,322.49,22.595,-0.011,444.92,,474.86
2776,0.01812,,306.19,22.574,-0.015,445.54,,475.64
2777,0.01786,,289.88,22.57,-0.017,445.1,,475.2
2778,0.0176,,273.58,22.584,-0.018,443.69,,473.61
2779,0.01734,,257.29,22.617,-0.017,441.46,,471.06
2780,0.01707,,241.01,22.666,-0.015,438.66,,467.79
2781,0.0168,,224.75,22.731,-0.012,435.57,,464.14
2782,0.01652,,208.52,22.811,-0.008,432.51,,460.44
2783,0.01625,,192.32,22.903,-0.003,429.78,,457.02
2784,0.01597,,176.16,23.006,0.001,427.65,,454.21
2785,0.01569,,160.02,23.117,0.005,426.34,,452.22
2786,0.01541,,143.91,23.233,0.009,426,,451.23
2787,0.01512,,127.84,23.352,0.012,426.71,,451.34
2788,0.01483,,111.79,23.472,0.014,428.46,,452.55
2789,0.01454,,95.76,23.589,0.014,431.16,,454.78
2790,0.01424,,79.74,23.7,0.014,434.66,,457.85
2791,0.01394,,63.73,23.805,0.012,438.74,,461.58
2792,0.01364,,47.72,23.899,0.01,443.13,,465.68
2793,0.01332,,31.69,23.982,0.007,447.55,,469.86
2794,0.013,,15.64,24.051,0.004,451.7,,473.82
2795,0.01267,,359.56,24.106,-0,455.29,,477.29
2796,0.01234,,343.44,24.144,-0.004,458.1,,480.01
2797,0.01199,,327.25,24.166,-0.006,459.92,,481.8
2798,0.01163,,310.99,24.17,-0.009,460.66,,482.55
2799,0.01127,,294.65,24.156,-0.01,460.29,,482.24
2800,0.01089,,278.21,24.125,-0.011,458.86,,480.92
2801,0.0105,,261.65,24.077,-0.01,456.51,,478.73
2802,0.0101,,244.96,24.013,-0.009,453.45,,475.87
2803,0.00969,,228.11,23.935,-0.007,449.91,,472.61
2804,0.00927,,211.09,23.843,-0.005,446.16,,469.18
2805,0.00883,,193.87,23.739,-0.002,442.47,,465.88
2806,0.00839,,176.43,23.626,0.001,439.08,,462.92
2807,0.00793,,158.72,23.505,0.003,436.17,,460.51
2808,0.00747,,140.72,23.38,0.005,433.87,,458.76
2809,0.007,,122.36,23.253,0.006,432.25,,457.73
2810,0.00652,,103.6,23.127,0.006,431.28,,457.4
2811,0.00604,,84.34,23.005,0.006,430.89,,457.66
2812,0.00556,,64.49,22.889,0.005,430.94,,458.34
2813,0.00509,,43.9,22.782,0.004,431.24,,459.24
2814,0.00464,,22.4,22.687,0.002,431.62,,460.16
2815,0.00421,,359.77,22.607,-0,431.89,,460.89
2816,0.00382,,335.75,22.542,-0.002,431.91,,461.26
2817,0.0035,,310.13,22.496,-0.003,431.61,,461.2
2818,0.00326,,282.84,22.469,-0.003,430.98,,460.67
2819,0.00314,,254.19,22.461,-0.003,430.08,,459.76
2820,0.00315,,224.95,22.474,-0.002,429.06,,458.6
2821,0.00329,,196.16,22.506,-0.001,428.1,,457.4
2822,0.00356,,168.62,22.557,0.001,427.41,,456.38
2823,0.00392,,142.7,22.626,0.002,427.2,,455.78
2824,0.00436,,118.38,22.71,0.004,427.63,,455.78
2825,0.00485,,95.44,22.809,0.005,428.83,,456.53
2826,0.00538,,73.63,22.919,0.005,430.83,,458.06
2827,0.00594,,52.72,23.037,0.005,433.57,,460.32
2828,0.00652,,32.53,23.161,0.004,436.91,,463.19
2829,0.00711,,12.91,23.288,0.002,440.64,,466.43
2830,0.0077,,353.75,23.414,-0.001,444.46,,469.77
2831,0.00829,,334.96,23.538,-0.004,448.07,,472.89
2832,0.00889,,316.49,23.655,-0.006,451.16,,475.49
2833,0.00947,,298.28,23.764,-0.008,453.46,,477.29
2834,0.01005,,280.28,23.862,-0.01,454.76,,478.11
2835,0.01062,,262.47,23.947,-0.011,454.95,,477.84
2836,0.01117,,244.81,24.017,-0.01,454.05,,476.48
2837,0.01171,,227.28,24.071,-0.009,452.16,,474.2
2838,0.01223,,209.85,24.108,-0.006,449.49,,471.2
2839,0.01274,,192.51,24.127,-0.003,446.35,,467.79
2840,0.01322,,175.24,24.128,0.001,443.06,,464.33
2841,0.01368,,158.03,24.111,0.005,439.97,,461.18
2842,0.01412,,140.86,24.077,0.009,437.4,,458.67
2843,0.01453,,123.73,24.027,0.012,435.61,,457.08
2844,0.01491,,106.61,23.961,0.014,434.78,,456.57
2845,0.01527,,89.5,23.882,0.015,434.98,,457.2
2846,0.0156,,72.4,23.791,0.015,436.16,,458.94
2847,0.0159,,55.29,23.691,0.013,438.18,,461.61
2848,0.01616,,38.17,23.584,0.01,440.78,,464.94
2849,0.0164,,21.05,23.473,0.006,443.64,,468.57
2850,0.01661,,3.91,23.36,0.001,446.38,,472.11
2851,0.01678,,346.75,23.249,-0.004,448.64,,475.13
2852,0.01692,,329.59,23.142,-0.009,450.08,,477.27
2853,0.01702,,312.41,23.041,-0.013,450.45,,478.22
2854,0.0171,,295.24,22.949,-0.015,449.61,,477.85
2855,0.01714,,278.06,22.869,-0.017,447.54,,476.1
2856,0.01714,,260.9,22.803,-0.017,444.39,,473.12
2857,0.01711,,243.76,22.751,-0.015,440.39,,469.16
2858,0.01705,,226.66,22.715,-0.012,435.9,,464.58
2859,0.01696,,209.6,22.695,-0.008,431.32,,459.79
2860,0.01683,,192.59,22.692,-0.004,427.04,,455.26
2861,0.01667,,175.66,22.705,0.001,423.46,,451.37
2862,0.01649,,158.8,22.734,0.006,420.88,,448.45
2863,0.01627,,142.04,22.777,0.01,419.5,,446.76
2864,0.01602,,125.39,22.832,0.013,419.43,,446.4
2865,0.01575,,108.86,22.899,0.015,420.67,,447.37
2866,0.01546,,92.47,22.974,0.015,423.09,,449.54
2867,0.01514,,76.21,23.055,0.015,426.49,,452.71
2868,0.01479,,60.12,23.14,0.013,430.59,,456.59
2869,0.01443,,44.19,23.227,0.01,435.07,,460.86
2870,0.01406,,28.44,23.314,0.007,439.6,,465.19
2871,0.01366,,12.89,23.397,0.003,443.87,,469.25
2872,0.01326,,357.54,23.476,-0.001,447.64,,472.79
2873,0.01285,,342.42,23.548,-0.004,450.68,,475.6
2874,0.01244,,327.52,23.611,-0.007,452.9,,477.57
2875,0.01202,,312.88,23.666,-0.009,454.23,,478.66
2876,0.01162,,298.5,23.709,-0.01,454.7,,478.91
2877,0.01122,,284.41,23.742,-0.011,454.4,,478.41
2878,0.01084,,270.6,23.763,-0.011,453.45,,477.29
2879,0.01048,,257.1,23.772,-0.01,451.98,,475.69
2880,0.01015,,243.91,23.77,-0.009,450.14,,473.76
2881,0.00986,,231.03,23.757,-0.008,448.07,,471.65
2882,0.00961,,218.44,23.734,-0.006,445.86,,469.46
2883,0.00941,,206.11,23.701,-0.004,443.61,,467.27
2884,0.00927,,194,23.66,-0.002,441.38,,465.15
2885,0.00918,,182.06,23.612,-0,439.21,,463.14
2886,0.00917,,170.2,23.558,0.002,437.14,,461.25
2887,0.00922,,158.35,23.499,0.003,435.2,,459.51
2888,0.00934,,146.42,23.438,0.005,433.43,,457.98
2889,0.00952,,134.35,23.376,0.007,431.89,,456.7
2890,0.00977,,122.07,23.314,0.008,430.64,,455.71
2891,0.01008,,109.54,23.254,0.01,429.76,,455.1
2892,0.01044,,96.73,23.196,0.01,429.33,,454.95
2893,0.01084,,83.62,23.144,0.011,429.41,,455.33
2894,0.01129,,70.22,23.097,0.011,430.07,,456.29
2895,0.01177,,56.54,23.056,0.01,431.33,,457.84
2896,0.01228,,42.6,23.023,0.008,433.16,,459.96
2897,0.01282,,28.41,22.998,0.006,435.49,,462.57
2898,0.01338,,14,22.981,0.003,438.2,,465.54
2899,0.01396,,359.4,22.974,-0,441.1,,468.67
2900,0.01455,,344.62,22.975,-0.004,443.99,,471.72
2901,0.01516,,329.7,22.985,-0.008,446.6,,474.45
2902,0.01577,,314.65,23.004,-0.011,448.71,,476.59
2903,0.01639,,299.48,23.03,-0.014,450.08,,477.89
2904,0.01702,,284.23,23.064,-0.016,450.54,,478.18
2905,0.01765,,268.9,23.105,-0.018,449.98,,477.36
2906,0.01828,,253.51,23.151,-0.018,448.37,,475.39
2907,0.01892,,238.07,23.202,-0.016,445.81,,472.38
2908,0.01956,,222.59,23.257,-0.013,442.45,,468.52
2909,0.0202,,207.07,23.314,-0.009,438.55,,464.07
2910,0.02084,,191.53,23.373,-0.004,434.44,,459.41
2911,0.02148,,175.97,23.431,0.002,430.47,,454.89
2912,0.02212,,160.4,23.488,0.007,427.01,,450.93
2913,0.02276,,144.81,23.542,0.013,424.4,,447.89
2914,0.0234,,129.21,23.593,0.018,422.94,,446.08
2915,0.02404,,113.61,23.638,0.022,422.83,,445.73
2916,0.02468,,97.99,23.677,0.024,424.22,,446.98
2917,0.02533,,82.36,23.709,0.025,427.1,,449.85
2918,0.02597,,66.72,23.733,0.024,431.39,,454.24
2919,0.02661,,51.07,23.747,0.021,436.85,,459.9
2920,0.02725,,35.39,23.753,0.016,443.15,,466.51
2921,0.0279,,19.7,23.748,0.009,449.85,,473.59
2922,0.02854,,3.97,23.733,0.002,456.45,,480.63
2923,0.02918,,348.22,23.707,-0.006,462.4,,487.03
2924,0.02982,,332.44,23.672,-0.014,467.16,,492.26
2925,0.03046,,316.61,23.626,-0.021,470.24,,495.77
2926,0.0311,,300.74,23.572,-0.027,471.28,,497.19
2927,0.03173,,284.82,23.51,-0.031,470.03,,496.23
2928,0.03237,,268.85,23.44,-0.032,466.45,,492.86
2929,0.033,,252.83,23.365,-0.032,460.71,,487.23
2930,0.03362,,236.75,23.287,-0.028,453.15,,479.68
2931,0.03424,,220.6,23.206,-0.022,444.28,,470.74
2932,0.03485,,204.4,23.126,-0.014,434.76,,461.11
2933,0.03546,,188.13,23.047,-0.005,425.3,,451.49
2934,0.03605,,171.8,22.972,0.005,416.63,,442.67
2935,0.03664,,155.41,22.904,0.015,409.42,,435.36
2936,0.03721,,138.96,22.845,0.024,404.25,,430.18
2937,0.03777,,122.47,22.795,0.032,401.57,,427.57
2938,0.03831,,105.93,22.758,0.037,401.64,,427.84
2939,0.03884,,89.35,22.734,0.039,404.52,,431.03
2940,0.03936,,72.73,22.724,0.038,410.07,,436.99
2941,0.03985,,56.1,22.73,0.033,417.94,,445.35
2942,0.04032,,39.45,22.751,0.026,427.58,,455.5
2943,0.04077,,22.79,22.788,0.016,438.25,,466.67
2944,0.04119,,6.14,22.84,0.004,449.09,,477.92
2945,0.04159,,349.5,22.905,-0.008,459.19,,488.29
2946,0.04197,,332.88,22.982,-0.019,467.67,,496.85
2947,0.04231,,316.28,23.07,-0.029,473.78,,502.82
2948,0.04262,,299.71,23.165,-0.037,476.98,,505.63
2949,0.04291,,283.19,23.267,-0.042,477,,505.06
2950,0.04316,,266.7,23.371,-0.043,473.9,,501.14
2951,0.04337,,250.25,23.477,-0.041,468.02,,494.31
2952,0.04355,,233.85,23.579,-0.035,459.98,,485.22
2953,0.04369,,217.49,23.677,-0.027,450.58,,474.75
2954,0.0438,,201.17,23.768,-0.016,440.69,,463.83
2955,0.04387,,184.9,23.849,-0.004,431.22,,453.44
2956,0.04389,,168.65,23.918,0.009,423,,444.42
2957,0.04388,,152.44,23.973,0.02,416.7,,437.51
2958,0.04383,,136.26,24.014,0.03,412.83,,433.24
2959,0.04374,,120.1,24.039,0.038,411.69,,431.92
2960,0.0436,,103.96,24.047,0.042,413.36,,433.63
2961,0.04342,,87.83,24.039,0.043,417.7,,438.23
2962,0.04321,,71.7,24.014,0.041,424.35,,445.34
2963,0.04295,,55.58,23.973,0.035,432.77,,454.4
2964,0.04265,,39.46,23.917,0.027,442.26,,464.67
2965,0.04231,,23.34,23.847,0.017,451.99,,475.29
2966,0.04193,,7.21,23.765,0.005,461.12,,485.35
2967,0.04151,,351.07,23.674,-0.006,468.81,,493.98
2968,0.04105,,334.92,23.575,-0.017,474.34,,500.4
2969,0.04056,,318.76,23.47,-0.027,477.21,,504.05
2970,0.04004,,302.59,23.363,-0.034,477.13,,504.61
2971,0.03948,,286.42,23.256,-0.038,474.11,,502.06
2972,0.03888,,270.25,23.152,-0.039,468.42,,496.65
2973,0.03826,,254.09,23.053,-0.037,460.59,,488.92
2974,0.03762,,237.94,22.961,-0.032,451.3,,479.57
2975,0.03695,,221.82,22.88,-0.025,441.32,,469.43
2976,0.03626,,205.74,22.81,-0.016,431.44,,459.3
2977,0.03555,,189.71,22.754,-0.006,422.4,,449.98
2978,0.03483,,173.74,22.712,0.004,414.8,,442.1
2979,0.0341,,157.85,22.685,0.013,409.09,,436.16
2980,0.03337,,142.05,22.674,0.021,405.56,,432.45
2981,0.03263,,126.35,22.677,0.026,404.3,,431.09
2982,0.0319,,110.78,22.695,0.03,405.27,,432.03
2983,0.03118,,95.35,22.726,0.031,408.26,,435.04
2984,0.03047,,80.05,22.77,0.03,412.94,,439.81
2985,0.02978,,64.92,22.824,0.027,418.93,,445.9
2986,0.02912,,49.95,22.888,0.022,425.78,,452.85
2987,0.02849,,35.15,22.958,0.016,433.01,,460.16
2988,0.0279,,20.53,23.033,0.01,440.19,,467.36
2989,0.02736,,6.08,23.112,0.003,446.91,,474.06
2990,0.02687,,351.8,23.192,-0.004,452.84,,479.9
2991,0.02644,,337.68,23.272,-0.01,457.74,,484.63
2992,0.02608,,323.7,23.349,-0.015,461.41,,488.07
2993,0.02578,,309.86,23.423,-0.02,463.78,,490.14
2994,0.02556,,296.13,23.493,-0.023,464.8,,490.82
2995,0.02541,,282.49,23.556,-0.025,464.51,,490.14
2996,0.02535,,268.91,23.613,-0.025,462.99,,488.2
2997,0.02536,,255.36,23.663,-0.025,460.35,,485.13
2998,0.02546,,241.81,23.706,-0.022,456.75,,481.09
2999,0.02563,,228.24,23.74,-0.019,452.36,,476.27
3000,0.02589,,214.62,23.767,-0.015,447.4,,470.91
3001,0.02621,,200.92,23.785,-0.009,442.12,,465.24
3002,0.0266,,187.14,23.796,-0.003,436.79,,459.57
3003,0.02706,,173.25,23.799,0.003,431.69,,454.2
3004,0.02757,,159.25,23.795,0.01,427.15,,449.44
3005,0.02813,,145.11,23.783,0.016,423.44,,445.6
3006,0.02874,,130.84,23.766,0.022,420.86,,442.98
3007,0.02939,,116.44,23.741,0.026,419.64,,441.82
3008,0.03007,,101.91,23.712,0.029,419.96,,442.31
3009,0.03078,,87.24,23.676,0.031,421.9,,444.53
3010,0.03151,,72.45,23.636,0.03,425.45,,448.49
3011,0.03226,,57.52,23.592,0.027,430.47,,454.03
3012,0.03303,,42.48,23.544,0.022,436.72,,460.89
3013,0.0338,,27.33,23.492,0.016,443.8,,468.63
3014,0.03457,,12.06,23.438,0.007,451.21,,476.77
3015,0.03535,,356.69,23.382,-0.002,458.36,,484.65
3016,0.03612,,341.22,23.324,-0.012,464.63,,491.61
3017,0.0369,,325.65,23.266,-0.021,469.41,,497.02
3018,0.03766,,310,23.209,-0.029,472.15,,500.26
3019,0.03841,,294.27,23.153,-0.035,472.46,,500.92
3020,0.03915,,278.46,23.1,-0.039,470.14,,498.78
3021,0.03988,,262.57,23.05,-0.04,465.21,,493.84
3022,0.04059,,246.62,23.005,-0.037,457.96,,486.4
3023,0.04129,,230.62,22.965,-0.032,448.87,,476.98
3024,0.04197,,214.55,22.932,-0.024,438.63,,466.28
3025,0.04263,,198.44,22.907,-0.013,428.05,,455.16
3026,0.04327,,182.29,22.89,-0.002,417.95,,444.51
3027,0.04389,,166.1,22.882,0.011,409.15,,435.19
3028,0.04449,,149.89,22.884,0.022,402.38,,427.97
3029,0.04507,,133.66,22.896,0.033,398.2,,423.47
3030,0.04563,,117.41,22.918,0.041,397.01,,422.09
3031,0.04616,,101.15,22.95,0.045,398.99,,424.05
3032,0.04668,,84.9,22.99,0.046,404.11,,429.28
3033,0.04718,,68.65,23.039,0.044,412.11,,437.52
3034,0.04765,,52.41,23.095,0.038,422.5,,448.25
3035,0.0481,,36.18,23.157,0.028,434.57,,460.72
3036,0.04854,,19.98,23.223,0.017,447.46,,474.02
3037,0.04895,,3.79,23.292,0.003,460.19,,487.11
3038,0.04934,,347.63,23.361,-0.011,471.73,,498.9
3039,0.04971,,331.49,23.43,-0.024,481.11,,508.41
3040,0.05006,,315.37,23.495,-0.035,487.51,,514.78
3041,0.05039,,299.27,23.556,-0.044,490.38,,517.44
3042,0.05069,,283.19,23.61,-0.049,489.45,,516.13
3043,0.05098,,267.13,23.656,-0.051,484.81,,510.96
3044,0.05125,,251.07,23.692,-0.048,476.88,,502.38
3045,0.05149,,235.02,23.718,-0.042,466.35,,491.13
3046,0.05171,,218.98,23.733,-0.033,454.14,,478.19
3047,0.05192,,202.92,23.736,-0.02,441.26,,464.6
3048,0.0521,,186.86,23.728,-0.006,428.75,,451.49
3049,0.05225,,170.78,23.707,0.008,417.59,,439.83
3050,0.05239,,154.67,23.677,0.022,408.6,,430.53
3051,0.0525,,138.54,23.636,0.035,402.44,,424.24
3052,0.05258,,122.37,23.586,0.044,399.52,,421.42
3053,0.05265,,106.17,23.529,0.051,400.06,,422.26
3054,0.05268,,89.93,23.467,0.053,404.01,,426.75
3055,0.05269,,73.64,23.402,0.051,411.07,,434.55
3056,0.05268,,57.32,23.336,0.044,420.72,,445.09
3057,0.05263,,40.94,23.27,0.034,432.2,,457.6
3058,0.05256,,24.53,23.208,0.022,444.58,,471.05
3059,0.05246,,8.07,23.151,0.007,456.8,,484.33
3060,0.05233,,351.58,23.101,-0.008,467.76,,496.24
3061,0.05216,,335.06,23.06,-0.022,476.44,,505.69
3062,0.05197,,318.51,23.03,-0.034,482.02,,511.81
3063,0.05174,,301.94,23.01,-0.044,483.96,,513.97
3064,0.05148,,285.36,23.002,-0.05,482.07,,512.02
3065,0.05119,,268.77,23.006,-0.051,476.56,,506.15
3066,0.05086,,252.19,23.021,-0.048,468.01,,496.97
3067,0.0505,,235.62,23.048,-0.042,457.24,,485.39
3068,0.05009,,219.07,23.083,-0.032,445.28,,472.49
3069,0.04966,,202.53,23.128,-0.019,433.21,,459.45
3070,0.04918,,186.03,23.178,-0.005,422.08,,447.37
3071,0.04867,,169.56,23.233,0.009,412.79,,437.23
3072,0.04812,,153.12,23.291,0.022,406.02,,429.77
3073,0.04754,,136.73,23.349,0.033,402.25,,425.49
3074,0.04692,,120.37,23.406,0.04,401.7,,424.62
3075,0.04626,,104.06,23.458,0.045,404.33,,427.13
3076,0.04556,,87.78,23.506,0.046,409.89,,432.76
3077,0.04482,,71.55,23.547,0.043,417.87,,440.98
3078,0.04406,,55.35,23.579,0.036,427.63,,451.1
3079,0.04325,,39.2,23.602,0.027,438.35,,462.28
3080,0.04242,,23.07,23.616,0.017,449.15,,473.6
3081,0.04155,,6.99,23.62,0.005,459.13,,484.1
3082,0.04064,,350.94,23.613,-0.006,467.48,,492.93
3083,0.03971,,334.92,23.597,-0.017,473.55,,499.42
3084,0.03876,,318.94,23.573,-0.025,476.9,,503.11
3085,0.03777,,303,23.541,-0.032,477.35,,503.78
3086,0.03676,,287.1,23.502,-0.035,475.01,,501.54
3087,0.03574,,271.24,23.458,-0.036,470.21,,496.73
3088,0.03469,,255.44,23.411,-0.034,463.49,,489.91
3089,0.03363,,239.7,23.362,-0.029,455.51,,481.76
3090,0.03256,,224.03,23.312,-0.023,446.98,,473
3091,0.03148,,208.45,23.264,-0.015,438.58,,464.38
3092,0.0304,,192.97,23.219,-0.007,430.9,,456.5
3093,0.02932,,177.6,23.178,0.001,424.44,,449.87
3094,0.02826,,162.36,23.142,0.009,419.51,,444.82
3095,0.0272,,147.28,23.113,0.015,416.27,,441.56
3096,0.02617,,132.38,23.09,0.019,414.77,,440.08
3097,0.02517,,117.66,23.074,0.022,414.88,,440.29
3098,0.02421,,103.17,23.065,0.024,416.42,,441.96
3099,0.02329,,88.91,23.063,0.023,419.11,,444.83
3100,0.02244,,74.91,23.068,0.022,422.66,,448.57
3101,0.02165,,61.17,23.078,0.019,426.75,,452.85
3102,0.02094,,47.7,23.094,0.015,431.1,,457.4
3103,0.02032,,34.5,23.113,0.012,435.48,,461.93
3104,0.0198,,21.54,23.136,0.007,439.7,,466.28
3105,0.01939,,8.79,23.161,0.003,443.61,,470.29
3106,0.0191,,356.2,23.187,-0.001,447.14,,473.87
3107,0.01894,,343.73,23.214,-0.005,450.2,,476.97
3108,0.0189,,331.3,23.241,-0.009,452.74,,479.51
3109,0.01898,,318.84,23.267,-0.012,454.71,,481.45
3110,0.01919,,306.29,23.292,-0.015,456.05,,482.72
3111,0.0195,,293.59,23.317,-0.018,456.66,,483.23
3112,0.01993,,280.7,23.339,-0.02,456.47,,482.89
3113,0.02044,,267.57,23.361,-0.02,455.38,,481.62
3114,0.02104,,254.19,23.382,-0.02,453.37,,479.37
3115,0.02171,,240.55,23.401,-0.019,450.42,,476.13
3116,0.02244,,226.65,23.421,-0.016,446.6,,472
3117,0.02322,,212.5,23.44,-0.012,442.09,,467.12
3118,0.02403,,198.11,23.459,-0.007,437.12,,461.76
3119,0.02488,,183.51,23.479,-0.002,432.01,,456.27
3120,0.02574,,168.71,23.498,0.005,427.17,,451.04
3121,0.02661,,153.72,23.518,0.012,422.99,,446.52
3122,0.02749,,138.56,23.538,0.018,419.88,,443.14
3123,0.02837,,123.26,23.558,0.024,418.22,,441.28
3124,0.02924,,107.83,23.577,0.028,418.26,,441.24
3125,0.0301,,92.28,23.594,0.03,420.19,,443.17
3126,0.03095,,76.63,23.609,0.03,424.01,,447.12
3127,0.03178,,60.89,23.621,0.028,429.59,,452.94
3128,0.03258,,45.06,23.629,0.023,436.62,,460.31
3129,0.03336,,29.16,23.632,0.016,444.62,,468.73
3130,0.03412,,13.19,23.629,0.008,453,,477.58
3131,0.03484,,357.16,23.619,-0.002,461.05,,486.12
3132,0.03553,,341.07,23.602,-0.012,468.04,,493.58
3133,0.03619,,324.92,23.578,-0.021,473.25,,499.24
3134,0.03681,,308.71,23.545,-0.029,476.12,,502.45
3135,0.0374,,292.45,23.504,-0.035,476.22,,502.81
3136,0.03795,,276.14,23.455,-0.038,473.42,,500.13
3137,0.03846,,259.77,23.4,-0.038,467.82,,494.54
3138,0.03894,,243.35,23.338,-0.035,459.81,,486.44
3139,0.03938,,226.87,23.272,-0.029,450.02,,476.46
3140,0.03978,,210.33,23.202,-0.02,439.24,,465.43
3141,0.04014,,193.74,23.131,-0.01,428.36,,454.28
3142,0.04046,,177.09,23.06,0.002,418.25,,443.93
3143,0.04075,,160.39,22.993,0.014,409.75,,435.26
3144,0.04099,,143.64,22.93,0.024,403.52,,428.97
3145,0.0412,,126.84,22.874,0.033,400.07,,425.58
3146,0.04137,,110.01,22.828,0.039,399.67,,425.39
3147,0.04151,,93.13,22.792,0.041,402.37,,428.43
3148,0.04161,,76.23,22.77,0.04,407.95,,434.51
3149,0.04167,,59.31,22.761,0.036,416.01,,443.13
3150,0.0417,,42.38,22.767,0.028,425.88,,453.61
3151,0.04169,,25.44,22.788,0.018,436.74,,465.06
3152,0.04165,,8.51,22.824,0.006,447.68,,476.5
3153,0.04158,,351.6,22.874,-0.006,457.72,,486.9
3154,0.04148,,334.7,22.938,-0.018,465.99,,495.33
3155,0.04134,,317.83,23.012,-0.028,471.77,,501.01
3156,0.04118,,301,23.096,-0.035,474.57,,503.5
3157,0.04099,,284.21,23.187,-0.04,474.24,,502.61
3158,0.04077,,267.45,23.282,-0.041,470.92,,498.52
3159,0.04052,,250.74,23.379,-0.038,465.03,,491.72
3160,0.04025,,234.07,23.475,-0.033,457.25,,482.95
3161,0.03995,,217.44,23.567,-0.024,448.37,,473.05
3162,0.03962,,200.84,23.652,-0.014,439.26,,462.97
3163,0.03927,,184.28,23.729,-0.003,430.76,,453.6
3164,0.0389,,167.74,23.795,0.008,423.6,,445.7
3165,0.0385,,151.22,23.848,0.019,418.36,,439.91
3166,0.03808,,134.71,23.888,0.027,415.44,,436.63
3167,0.03764,,118.2,23.914,0.033,415.05,,436.09
3168,0.03717,,101.69,23.924,0.036,417.15,,438.25
3169,0.03669,,85.17,23.92,0.037,421.56,,442.9
3170,0.03618,,68.62,23.901,0.034,427.87,,449.62
3171,0.03566,,52.05,23.869,0.028,435.52,,457.84
3172,0.03511,,35.44,23.825,0.02,443.83,,466.83
3173,0.03454,,18.79,23.769,0.011,452.06,,475.78
3174,0.03396,,2.09,23.705,0.001,459.44,,483.93
3175,0.03335,,345.34,23.635,-0.008,465.29,,490.51
3176,0.03273,,328.53,23.559,-0.017,469.06,,494.92
3177,0.03208,,311.66,23.482,-0.024,470.39,,496.78
3178,0.03142,,294.72,23.404,-0.029,469.16,,495.94
3179,0.03074,,277.73,23.328,-0.03,465.5,,492.52
3180,0.03004,,260.67,23.257,-0.03,459.79,,486.89
3181,0.02932,,243.55,23.191,-0.026,452.58,,479.63
3182,0.02858,,226.37,23.132,-0.021,444.55,,471.44
3183,0.02783,,209.13,23.082,-0.014,436.42,,463.1
3184,0.02706,,191.84,23.041,-0.006,428.9,,455.34
3185,0.02627,,174.49,23.01,0.003,422.59,,448.81
3186,0.02546,,157.09,22.987,0.01,417.96,,444
3187,0.02464,,139.64,22.974,0.016,415.3,,441.25
3188,0.0238,,122.14,22.97,0.02,414.72,,440.66
3189,0.02294,,104.59,22.973,0.022,416.14,,442.15
3190,0.02207,,86.98,22.983,0.022,419.3,,445.47
3191,0.02119,,69.32,22.997,0.02,423.81,,450.16
3192,0.02029,,51.58,23.017,0.016,429.16,,455.75
3193,0.01938,,33.77,23.039,0.011,434.77,,461.59
3194,0.01846,,15.88,23.062,0.005,440.1,,467.11
3195,0.01753,,357.88,23.087,-0.001,444.62,,471.77
3196,0.01659,,339.76,23.112,-0.006,447.95,,475.16
3197,0.01565,,321.5,23.136,-0.01,449.84,,477.03
3198,0.0147,,303.06,23.16,-0.012,450.23,,477.32
3199,0.01375,,284.42,23.182,-0.013,449.23,,476.13
3200,0.0128,,265.52,23.203,-0.013,447.1,,473.75
3201,0.01186,,246.31,23.223,-0.011,444.23,,470.59
3202,0.01094,,226.72,23.243,-0.008,441.05,,467.12
3203,0.01002,,206.65,23.263,-0.004,438.01,,463.79
3204,0.00914,,185.97,23.283,-0.001,435.51,,461.03
3205,0.00829,,164.55,23.304,0.002,433.86,,459.16
3206,0.0075,,142.16,23.327,0.005,433.23,,458.38
3207,0.00678,,118.61,23.351,0.006,433.68,,458.71
3208,0.00616,,93.67,23.378,0.006,435.1,,460.08
3209,0.00568,,67.24,23.406,0.005,437.28,,462.23
3210,0.00537,,39.46,23.436,0.003,439.91,,464.85
3211,0.00526,,10.88,23.467,0.001,442.61,,467.53
3212,0.00535,,342.33,23.5,-0.002,445.01,,469.88
3213,0.00564,,314.65,23.532,-0.004,446.77,,471.55
3214,0.00609,,288.34,23.563,-0.006,447.64,,472.29
3215,0.00666,,263.52,23.593,-0.007,447.49,,471.97
3216,0.00732,,240.06,23.619,-0.006,446.33,,470.61
3217,0.00804,,217.74,23.641,-0.005,444.33,,468.38
3218,0.0088,,196.35,23.657,-0.002,441.75,,465.56
3219,0.00958,,175.69,23.667,0.001,438.95,,462.56
3220,0.01038,,155.59,23.669,0.004,436.32,,459.77
3221,0.01117,,135.94,23.663,0.008,434.23,,457.61
3222,0.01196,,116.65,23.648,0.011,433,,456.4
3223,0.01275,,97.63,23.624,0.013,432.85,,456.36
3224,0.01351,,78.83,23.591,0.013,433.87,,457.62
3225,0.01426,,60.19,23.55,0.012,436,,460.08
3226,0.01499,,41.69,23.502,0.01,439.03,,463.56
3227,0.0157,,23.29,23.446,0.006,442.64,,467.66
3228,0.01638,,4.97,23.386,0.001,446.38,,471.96
3229,0.01703,,346.7,23.323,-0.004,449.79,,475.92
3230,0.01765,,328.47,23.258,-0.009,452.36,,479.01
3231,0.01824,,310.27,23.193,-0.014,453.69,,480.79
3232,0.0188,,292.08,23.132,-0.017,453.49,,480.93
3233,0.01933,,273.91,23.075,-0.019,451.63,,479.28
3234,0.01982,,255.75,23.025,-0.019,448.19,,475.91
3235,0.02027,,237.59,22.985,-0.017,443.43,,471.09
3236,0.02068,,219.43,22.954,-0.013,437.8,,465.27
3237,0.02106,,201.29,22.936,-0.008,431.86,,459.06
3238,0.0214,,183.15,22.929,-0.001,426.2,,453.07
3239,0.0217,,165.02,22.936,0.006,421.43,,447.96
3240,0.02196,,146.92,22.956,0.012,418.05,,444.28
3241,0.02219,,128.83,22.987,0.017,416.45,,442.4
3242,0.02237,,110.77,23.03,0.021,416.85,,442.6
3243,0.02251,,92.74,23.082,0.022,419.26,,444.89
3244,0.02262,,74.74,23.142,0.022,423.52,,449.08
3245,0.02268,,56.78,23.208,0.019,429.27,,454.83
3246,0.02271,,38.84,23.276,0.014,436,,461.59
3247,0.0227,,20.94,23.345,0.008,443.1,,468.72
3248,0.02265,,3.06,23.413,0.001,449.91,,475.55
3249,0.02256,,345.2,23.476,-0.006,455.78,,481.39
3250,0.02244,,327.37,23.533,-0.012,460.17,,485.69
3251,0.02228,,309.54,23.581,-0.017,462.66,,488.04
3252,0.02208,,291.72,23.62,-0.021,463.07,,488.24
3253,0.02185,,273.89,23.647,-0.022,461.41,,486.33
3254,0.0216,,256.04,23.662,-0.021,457.91,,482.57
3255,0.0213,,238.16,23.665,-0.018,453,,477.38
3256,0.02098,,220.25,23.655,-0.014,447.2,,471.33
3257,0.02064,,202.29,23.632,-0.008,441.13,,465.04
3258,0.02026,,184.27,23.599,-0.002,435.38,,459.16
3259,0.01986,,166.18,23.556,0.005,430.48,,454.23
3260,0.01944,,148,23.505,0.01,426.85,,450.67
3261,0.01899,,129.74,23.448,0.015,424.77,,448.79
3262,0.01853,,111.37,23.386,0.017,424.34,,448.65
3263,0.01805,,92.88,23.323,0.018,425.48,,450.21
3264,0.01756,,74.28,23.26,0.017,427.98,,453.18
3265,0.01706,,55.53,23.201,0.014,431.47,,457.21
3266,0.01655,,36.65,23.146,0.01,435.5,,461.77
3267,0.01603,,17.61,23.099,0.005,439.56,,466.34
3268,0.01551,,358.42,23.06,-0,443.16,,470.37
3269,0.015,,339.05,23.032,-0.005,445.87,,473.42
3270,0.01449,,319.5,23.014,-0.009,447.41,,475.14
3271,0.01399,,299.76,23.009,-0.012,447.61,,475.39
3272,0.0135,,279.81,23.015,-0.013,446.52,,474.19
3273,0.01304,,259.66,23.032,-0.013,444.32,,471.77
3274,0.01261,,239.3,23.059,-0.011,441.35,,468.46
3275,0.0122,,218.71,23.095,-0.008,438.03,,464.73
3276,0.01184,,197.9,23.139,-0.004,434.8,,461.07
3277,0.01152,,176.87,23.189,0.001,432.11,,457.94
3278,0.01125,,155.66,23.242,0.005,430.31,,455.74
3279,0.01104,,134.27,23.298,0.008,429.65,,454.75
3280,0.01089,,112.75,23.354,0.01,430.26,,455.09
3281,0.01081,,91.16,23.408,0.011,432.1,,456.75
3282,0.0108,,69.54,23.458,0.01,435.01,,459.54
3283,0.01086,,47.96,23.503,0.008,438.68,,463.18
3284,0.011,,26.49,23.542,0.005,442.74,,467.24
3285,0.0112,,5.16,23.575,0.001,446.74,,471.29
3286,0.01147,,344.04,23.599,-0.003,450.22,,474.82
3287,0.0118,,323.15,23.615,-0.007,452.77,,477.42
3288,0.01218,,302.51,23.623,-0.01,454.07,,478.74
3289,0.01262,,282.14,23.624,-0.012,453.94,,478.61
3290,0.0131,,262.02,23.617,-0.013,452.35,,476.97
3291,0.01362,,242.16,23.603,-0.012,449.44,,473.97
3292,0.01418,,222.54,23.584,-0.01,445.48,,469.91
3293,0.01477,,203.14,23.56,-0.006,440.9,,465.2
3294,0.01538,,183.95,23.532,-0.001,436.16,,460.36
3295,0.01602,,164.94,23.501,0.004,431.77,,455.89
3296,0.01667,,146.1,23.469,0.009,428.22,,452.32
3297,0.01734,,127.42,23.436,0.014,425.89,,450.04
3298,0.01803,,108.87,23.403,0.017,425.08,,449.35
3299,0.01872,,90.45,23.371,0.019,425.92,,450.41
3300,0.01943,,72.14,23.34,0.018,428.38,,453.16
3301,0.02014,,53.93,23.311,0.016,432.27,,457.44
3302,0.02085,,35.82,23.284,0.012,437.23,,462.85
3303,0.02156,,17.78,23.258,0.007,442.8,,468.88
3304,0.02228,,359.83,23.234,-0,448.38,,474.93
3305,0.02299,,341.93,23.212,-0.007,453.37,,480.34
3306,0.02371,,324.11,23.191,-0.014,457.17,,484.49
3307,0.02442,,306.33,23.171,-0.02,459.28,,486.85
3308,0.02512,,288.6,23.151,-0.024,459.37,,487.05
3309,0.02582,,270.92,23.132,-0.026,457.29,,484.96
3310,0.02651,,253.27,23.113,-0.025,453.15,,480.68
3311,0.02719,,235.65,23.095,-0.022,447.27,,474.54
3312,0.02786,,218.06,23.077,-0.017,440.14,,467.08
3313,0.02852,,200.48,23.06,-0.01,432.43,,458.99
3314,0.02916,,182.93,23.044,-0.001,424.86,,451.04
3315,0.0298,,165.39,23.03,0.008,418.16,,443.99
3316,0.03041,,147.86,23.02,0.016,412.99,,438.56
3317,0.03101,,130.34,23.013,0.024,409.87,,435.28
3318,0.03159,,112.83,23.011,0.029,409.16,,434.55
3319,0.03215,,95.33,23.014,0.032,411.03,,436.51
3320,0.03269,,77.83,23.024,0.032,415.42,,441.12
3321,0.03321,,60.35,23.041,0.029,422.03,,448.04
3322,0.0337,,42.88,23.066,0.023,430.36,,456.76
3323,0.03417,,25.42,23.099,0.015,439.75,,466.53
3324,0.03461,,7.99,23.141,0.005,449.35,,476.49
3325,0.03503,,350.58,23.191,-0.006,458.31,,485.71
3326,0.03541,,333.19,23.248,-0.016,465.77,,493.27
3327,0.03577,,315.83,23.311,-0.025,471,,498.43
3328,0.03609,,298.51,23.38,-0.032,473.5,,500.66
3329,0.03638,,281.22,23.453,-0.036,473.04,,499.74
3330,0.03664,,263.97,23.529,-0.036,469.69,,495.77
3331,0.03686,,246.77,23.604,-0.034,463.85,,489.17
3332,0.03704,,229.6,23.677,-0.028,456.13,,480.6
3333,0.03719,,212.46,23.746,-0.02,447.34,,470.95
3334,0.0373,,195.37,23.809,-0.01,438.36,,461.16
3335,0.03736,,178.31,23.863,0.001,430.05,,452.13
3336,0.03739,,161.27,23.907,0.012,423.19,,444.68
3337,0.03738,,144.27,23.938,0.022,418.39,,439.47
3338,0.03732,,127.28,23.956,0.03,416.06,,436.93
3339,0.03722,,110.3,23.959,0.035,416.37,,437.24
3340,0.03708,,93.33,23.947,0.037,419.29,,440.37
3341,0.03689,,76.36,23.918,0.036,424.52,,446.02
3342,0.03666,,59.39,23.874,0.032,431.58,,453.68
3343,0.03639,,42.4,23.815,0.025,439.8,,462.64
3344,0.03607,,25.38,23.741,0.015,448.36,,472.06
3345,0.0357,,8.35,23.654,0.005,456.41,,481.03
3346,0.03529,,351.27,23.557,-0.005,463.13,,488.67
3347,0.03484,,334.16,23.451,-0.015,467.78,,494.2
3348,0.03434,,317.01,23.34,-0.023,469.87,,497.07
3349,0.03379,,299.82,23.226,-0.029,469.13,,496.96
3350,0.0332,,282.59,23.112,-0.032,465.63,,493.91
3351,0.03257,,265.31,23.002,-0.032,459.68,,488.24
3352,0.03189,,247.99,22.899,-0.03,451.89,,480.56
3353,0.03118,,230.65,22.806,-0.024,443.01,,471.64
3354,0.03042,,213.28,22.726,-0.017,433.87,,462.35
3355,0.02961,,195.9,22.661,-0.008,425.28,,453.56
3356,0.02877,,178.51,22.613,0.001,417.98,,446.02
3357,0.02789,,161.13,22.584,0.009,412.53,,440.35
3358,0.02698,,143.78,22.574,0.016,409.28,,436.93
3359,0.02602,,126.47,22.585,0.021,408.38,,435.92
3360,0.02504,,109.21,22.615,0.024,409.77,,437.24
3361,0.02402,,92.03,22.663,0.024,413.16,,440.6
3362,0.02296,,74.94,22.728,0.022,418.14,,445.58
3363,0.02188,,57.95,22.807,0.019,424.18,,451.58
3364,0.02077,,41.1,22.899,0.014,430.68,,458
3365,0.01964,,24.39,23,0.008,437.07,,464.24
3366,0.01848,,7.85,23.107,0.003,442.83,,469.77
3367,0.01731,,351.52,23.217,-0.003,447.59,,474.2
3368,0.01612,,335.41,23.326,-0.007,451.1,,477.29
3369,0.01491,,319.57,23.433,-0.01,453.3,,479
3370,0.0137,,304.06,23.535,-0.011,454.27,,479.46
3371,0.01248,,288.96,23.628,-0.012,454.21,,478.86
3372,0.01127,,274.38,23.711,-0.011,453.41,,477.55
3373,0.01007,,260.47,23.782,-0.01,452.18,,475.85
3374,0.0089,,247.47,23.84,-0.008,450.81,,474.08
3375,0.00778,,235.73,23.884,-0.006,449.55,,472.5
3376,0.00674,,225.76,23.914,-0.005,448.53,,471.28
3377,0.00583,,218.21,23.929,-0.004,447.83,,470.45
3378,0.00512,,213.72,23.93,-0.003,447.39,,469.98
3379,0.00473,,212.2,23.917,-0.003,447.09,,469.73
3380,0.00473,,212.03,23.892,-0.003,446.75,,469.51
3381,0.00511,,210.57,23.856,-0.003,446.18,,469.12
3382,0.0058,,206.14,23.811,-0.003,445.2,,468.35
3383,0.00671,,198.64,23.757,-0.002,443.68,,467.05
3384,0.00775,,188.68,23.697,-0.001,441.59,,465.18
3385,0.00887,,176.94,23.632,0,438.99,,462.79
3386,0.01005,,163.93,23.565,0.003,436.04,,460.05
3387,0.01125,,150.02,23.496,0.006,432.99,,457.21
3388,0.01247,,135.44,23.428,0.009,430.17,,454.59
3389,0.0137,,120.36,23.362,0.012,427.9,,452.56
3390,0.01493,,104.91,23.298,0.014,426.52,,451.43
3391,0.01615,,89.17,23.239,0.016,426.29,,451.5
3392,0.01737,,73.2,23.185,0.017,427.36,,452.92
3393,0.01857,,57.04,23.137,0.016,429.77,,455.75
3394,0.01976,,40.74,23.094,0.013,433.4,,459.83
3395,0.02093,,24.33,23.058,0.009,437.99,,464.9
3396,0.02209,,7.82,23.028,0.003,443.14,,470.54
3397,0.02322,,351.23,23.004,-0.004,448.34,,476.19
3398,0.02434,,334.58,22.986,-0.01,453.02,,481.27
3399,0.02543,,317.89,22.974,-0.017,456.62,,485.15
3400,0.0265,,301.15,22.968,-0.023,458.63,,487.33
3401,0.02754,,284.39,22.967,-0.027,458.7,,487.41
3402,0.02856,,267.6,22.971,-0.029,456.66,,485.21
3403,0.02956,,250.79,22.98,-0.028,452.56,,480.8
3404,0.03053,,233.97,22.994,-0.025,446.68,,474.48
3405,0.03148,,217.14,23.013,-0.019,439.51,,466.76
3406,0.03239,,200.31,23.035,-0.011,431.69,,458.33
3407,0.03328,,183.48,23.062,-0.002,423.94,,449.96
3408,0.03415,,166.65,23.093,0.008,417.02,,442.45
3409,0.03499,,149.83,23.128,0.018,411.61,,436.52
3410,0.0358,,133.01,23.167,0.026,408.28,,432.8
3411,0.03658,,116.21,23.209,0.033,407.46,,431.72
3412,0.03734,,99.42,23.254,0.037,409.35,,433.49
3413,0.03807,,82.64,23.301,0.038,413.96,,438.13
3414,0.03877,,65.88,23.35,0.035,421.07,,445.39
3415,0.03944,,49.14,23.399,0.03,430.22,,454.8
3416,0.04009,,32.42,23.449,0.022,440.75,,465.67
3417,0.04071,,15.72,23.497,0.011,451.86,,477.12
3418,0.04131,,359.04,23.543,-0.001,462.62,,488.21
3419,0.04187,,342.38,23.586,-0.013,472.06,,497.93
3420,0.04241,,325.74,23.624,-0.024,479.32,,505.36
3421,0.04293,,309.11,23.656,-0.033,483.69,,509.77
3422,0.04341,,292.5,23.681,-0.04,484.69,,510.67
3423,0.04387,,275.9,23.699,-0.044,482.19,,507.94
3424,0.0443,,259.3,23.707,-0.044,476.37,,501.76
3425,0.04471,,242.7,23.705,-0.04,467.73,,492.66
3426,0.04508,,226.1,23.694,-0.032,457.03,,481.45
3427,0.04543,,209.49,23.672,-0.022,445.2,,469.11
3428,0.04575,,192.87,23.64,-0.01,433.25,,456.7
3429,0.04604,,176.22,23.599,0.003,422.18,,445.25
3430,0.04631,,159.55,23.548,0.016,412.88,,435.69
3431,0.04654,,142.85,23.49,0.028,406.07,,428.81
3432,0.04675,,126.12,23.425,0.038,402.28,,425.13
3433,0.04693,,109.34,23.356,0.044,401.79,,424.96
3434,0.04707,,92.52,23.284,0.047,404.62,,428.33
3435,0.04718,,75.66,23.211,0.046,410.55,,434.98
3436,0.04727,,58.75,23.14,0.04,419.09,,444.4
3437,0.04732,,41.8,23.073,0.032,429.52,,455.83
3438,0.04734,,24.81,23.013,0.02,440.94,,468.28
3439,0.04732,,7.77,22.961,0.006,452.29,,480.63
3440,0.04728,,350.7,22.92,-0.008,462.49,,491.71
3441,0.04719,,333.6,22.892,-0.021,470.54,,500.43
3442,0.04707,,316.48,22.877,-0.032,475.62,,505.92
3443,0.04692,,299.34,22.877,-0.041,477.22,,507.63
3444,0.04673,,282.2,22.892,-0.046,475.2,,505.4
3445,0.0465,,265.05,22.922,-0.046,469.81,,499.48
3446,0.04624,,247.92,22.966,-0.043,461.65,,490.55
3447,0.04594,,230.8,23.023,-0.036,451.58,,479.52
3448,0.0456,,213.71,23.091,-0.025,440.64,,467.52
3449,0.04522,,196.64,23.169,-0.013,429.9,,455.71
3450,0.0448,,179.61,23.254,0,420.36,,445.15
3451,0.04434,,162.62,23.343,0.013,412.87,,436.76
3452,0.04385,,145.67,23.433,0.025,408.06,,431.2
3453,0.04331,,128.76,23.522,0.034,406.29,,428.88
3454,0.04273,,111.88,23.606,0.04,407.67,,429.91
3455,0.04211,,95.05,23.683,0.042,412.07,,434.15
3456,0.04146,,78.24,23.751,0.041,419.1,,441.2
3457,0.04076,,61.46,23.806,0.036,428.13,,450.41
3458,0.04002,,44.71,23.848,0.028,438.39,,460.97
3459,0.03924,,27.97,23.875,0.018,448.98,,471.96
3460,0.03843,,11.24,23.886,0.007,458.95,,482.38
3461,0.03757,,354.51,23.88,-0.004,467.42,,491.32
3462,0.03668,,337.78,23.857,-0.014,473.63,,497.98
3463,0.03575,,321.04,23.818,-0.022,477.06,,501.82
3464,0.03478,,304.28,23.764,-0.029,477.46,,502.56
3465,0.03378,,287.5,23.696,-0.032,474.88,,500.25
3466,0.03274,,270.7,23.616,-0.033,469.65,,495.21
3467,0.03166,,253.86,23.526,-0.03,462.36,,488.03
3468,0.03056,,236.99,23.429,-0.026,453.73,,479.48
3469,0.02942,,220.09,23.328,-0.019,444.58,,470.38
3470,0.02826,,203.16,23.225,-0.011,435.7,,461.55
3471,0.02706,,186.2,23.124,-0.003,427.79,,453.72
3472,0.02584,,169.23,23.027,0.005,421.4,,447.45
3473,0.02459,,152.24,22.938,0.011,416.89,,443.14
3474,0.02331,,135.26,22.858,0.016,414.43,,440.94
3475,0.02202,,118.3,22.792,0.019,413.98,,440.81
3476,0.0207,,101.37,22.74,0.02,415.32,,442.51
3477,0.01937,,84.51,22.704,0.019,418.1,,445.66
3478,0.01803,,67.74,22.684,0.017,421.85,,449.76
3479,0.01667,,51.11,22.683,0.013,426.09,,454.29
3480,0.0153,,34.65,22.698,0.009,430.34,,458.74
3481,0.01393,,18.44,22.73,0.004,434.2,,462.67
3482,0.01255,,2.55,22.778,0.001,437.38,,465.8
3483,0.01118,,347.11,22.839,-0.002,439.73,,467.96
3484,0.00982,,332.29,22.912,-0.005,441.26,,469.18
3485,0.00849,,318.37,22.995,-0.006,442.11,,469.61
3486,0.0072,,305.79,23.086,-0.006,442.48,,469.51
3487,0.00598,,295.3,23.181,-0.005,442.64,,469.15
3488,0.00488,,288.12,23.279,-0.005,442.87,,468.84
3489,0.00403,,285.97,23.377,-0.004,443.36,,468.82
3490,0.00358,,289.53,23.472,-0.003,444.25,,469.23
3491,0.00367,,295.12,23.563,-0.003,445.55,,470.1
3492,0.00427,,296.75,23.647,-0.004,447.2,,471.36
3493,0.0052,,292.66,23.723,-0.005,449,,472.83
3494,0.0063,,284.3,23.79,-0.006,450.7,,474.25
3495,0.00748,,273.22,23.846,-0.007,452.01,,475.3
3496,0.00871,,260.45,23.892,-0.009,452.66,,475.73
3497,0.00996,,246.59,23.925,-0.009,452.42,,475.29
3498,0.01122,,232,23.946,-0.009,451.16,,473.85
3499,0.01246,,216.89,23.955,-0.007,448.88,,471.4
3500,0.0137,,201.42,23.953,-0.005,445.7,,468.09
3501,0.01492,,185.67,23.939,-0.001,441.89,,464.17
3502,0.01612,,169.7,23.913,0.003,437.81,,460.01
3503,0.0173,,153.56,23.878,0.008,433.87,,456.06
3504,0.01845,,137.28,23.833,0.013,430.53,,452.79
3505,0.01958,,120.87,23.779,0.017,428.18,,450.6
3506,0.02067,,104.37,23.718,0.02,427.17,,449.87
3507,0.02174,,87.77,23.65,0.022,427.68,,450.77
3508,0.02277,,71.1,23.577,0.022,429.79,,453.38
3509,0.02377,,54.34,23.499,0.019,433.36,,457.58
3510,0.02474,,37.53,23.418,0.015,438.13,,463.05
3511,0.02567,,20.64,23.335,0.009,443.63,,469.33
3512,0.02657,,3.7,23.251,0.002,449.3,,475.81
3513,0.02743,,346.7,23.168,-0.006,454.5,,481.8
3514,0.02826,,329.66,23.086,-0.014,458.58,,486.59
3515,0.02904,,312.56,23.007,-0.021,460.96,,489.56
3516,0.02979,,295.42,22.933,-0.027,461.2,,490.26
3517,0.0305,,278.23,22.864,-0.03,459.08,,488.4
3518,0.03118,,261.01,22.803,-0.031,454.64,,484.05
3519,0.03181,,243.76,22.749,-0.029,448.17,,477.45
3520,0.03241,,226.47,22.706,-0.024,440.2,,469.2
3521,0.03297,,209.16,22.673,-0.016,431.41,,460.02
3522,0.0335,,191.84,22.652,-0.007,422.62,,450.76
3523,0.03398,,174.5,22.643,0.003,414.64,,442.29
3524,0.03443,,157.15,22.648,0.013,408.23,,435.43
3525,0.03485,,139.8,22.667,0.022,404,,430.82
3526,0.03522,,122.46,22.699,0.03,402.4,,428.95
3527,0.03557,,105.13,22.746,0.034,403.66,,430.05
3528,0.03587,,87.83,22.805,0.036,407.75,,434.1
3529,0.03615,,70.54,22.877,0.034,414.45,,440.85
3530,0.03639,,53.29,22.961,0.029,423.27,,449.79
3531,0.03659,,36.08,23.054,0.022,433.55,,460.2
3532,0.03676,,18.91,23.156,0.012,444.46,,471.22
3533,0.03691,,1.78,23.263,0.001,455.11,,481.9
3534,0.03702,,344.69,23.374,-0.01,464.59,,491.29
3535,0.0371,,327.66,23.486,-0.02,472.09,,498.55
3536,0.03715,,310.67,23.597,-0.028,476.98,,503.05
3537,0.03717,,293.73,23.705,-0.034,478.89,,504.42
3538,0.03717,,276.82,23.805,-0.037,477.72,,502.59
3539,0.03713,,259.96,23.897,-0.037,473.7,,497.81
3540,0.03707,,243.13,23.978,-0.033,467.3,,490.62
3541,0.03699,,226.32,24.045,-0.027,459.19,,481.73
3542,0.03687,,209.53,24.097,-0.018,450.2,,471.99
3543,0.03674,,192.76,24.133,-0.008,441.16,,462.33
3544,0.03658,,175.98,24.151,0.003,432.88,,453.55
3545,0.03639,,159.2,24.15,0.013,426.05,,446.39
3546,0.03618,,142.41,24.131,0.022,421.21,,441.43
3547,0.03595,,125.59,24.093,0.029,418.7,,439
3548,0.0357,,108.73,24.037,0.034,418.68,,439.26
3549,0.03542,,91.83,23.964,0.035,421.05,,442.14
3550,0.03512,,74.87,23.875,0.034,425.56,,447.34
3551,0.0348,,57.85,23.773,0.029,431.72,,454.37
3552,0.03446,,40.75,23.659,0.022,438.91,,462.56
3553,0.0341,,23.58,23.537,0.014,446.39,,471.12
3554,0.03372,,6.33,23.41,0.004,453.37,,479.21
3555,0.03332,,348.98,23.28,-0.006,459.08,,485.99
3556,0.03291,,331.54,23.152,-0.016,462.87,,490.76
3557,0.03247,,314,23.028,-0.023,464.26,,492.97
3558,0.03201,,296.37,22.912,-0.029,463.06,,492.36
3559,0.03154,,278.65,22.807,-0.031,459.3,,488.97
3560,0.03105,,260.83,22.716,-0.031,453.34,,483.14
3561,0.03054,,242.93,22.642,-0.027,445.75,,475.47
3562,0.03002,,224.95,22.587,-0.021,437.27,,466.74
3563,0.02948,,206.89,22.552,-0.013,428.72,,457.81
3564,0.02892,,188.77,22.537,-0.004,420.93,,449.56
3565,0.02835,,170.59,22.544,0.005,414.61,,442.77
3566,0.02777,,152.36,22.571,0.013,410.31,,438.05
3567,0.02718,,134.09,22.618,0.02,408.42,,435.78
3568,0.02657,,115.77,22.683,0.024,409.05,,436.13
3569,0.02596,,97.41,22.763,0.026,412.13,,438.99
3570,0.02534,,79.02,22.856,0.025,417.35,,444.05
3571,0.0247,,60.58,22.959,0.022,424.21,,450.8
3572,0.02407,,42.11,23.069,0.016,432.06,,458.54
3573,0.02343,,23.59,23.183,0.009,440.19,,466.53
3574,0.02279,,5.01,23.297,0.002,447.84,,474
3575,0.02216,,346.37,23.409,-0.005,454.33,,480.24
3576,0.02152,,327.65,23.515,-0.012,459.11,,484.68
3577,0.0209,,308.84,23.613,-0.016,461.84,,486.99
3578,0.02028,,289.93,23.701,-0.019,462.38,,487.06
3579,0.01968,,270.9,23.776,-0.02,460.86,,485.02
3580,0.01909,,251.73,23.838,-0.018,457.61,,481.24
3581,0.01853,,232.42,23.885,-0.015,453.12,,476.26
3582,0.01799,,212.94,23.916,-0.01,448,,470.7
3583,0.01748,,193.29,23.932,-0.004,442.88,,465.23
3584,0.01701,,173.45,23.932,0.002,438.33,,460.46
3585,0.01658,,153.42,23.917,0.007,434.85,,456.88
3586,0.01619,,133.21,23.888,0.012,432.78,,454.86
3587,0.01585,,112.8,23.846,0.015,432.27,,454.56
3588,0.01557,,92.23,23.792,0.016,433.31,,455.93
3589,0.01534,,71.49,23.729,0.015,435.68,,458.77
3590,0.01517,,50.63,23.658,0.012,439.01,,462.67
3591,0.01506,,29.66,23.581,0.007,442.82,,467.11
3592,0.01502,,8.62,23.5,0.002,446.54,,471.49
3593,0.01503,,347.55,23.418,-0.003,449.61,,475.2
3594,0.01511,,326.47,23.335,-0.008,451.54,,477.7
3595,0.01524,,305.43,23.256,-0.012,451.95,,478.6
3596,0.01543,,284.46,23.18,-0.015,450.68,,477.68
3597,0.01566,,263.58,23.11,-0.016,447.77,,474.98
3598,0.01595,,242.81,23.048,-0.014,443.47,,470.77
3599,0.01627,,222.17,22.995,-0.011,438.22,,465.49
3600,0.01662,,201.67,22.951,-0.006,432.59,,459.75
3601,0.017,,181.33,22.918,-0,427.21,,454.21
3602,0.01741,,161.13,22.896,0.006,422.69,,449.52
3603,0.01783,,141.09,22.885,0.011,419.56,,446.25
3604,0.01827,,121.21,22.885,0.016,418.19,,444.78
3605,0.01871,,101.48,22.896,0.018,418.78,,445.36
3606,0.01916,,81.9,22.918,0.019,421.34,,447.96
3607,0.0196,,62.46,22.949,0.017,425.64,,452.38
3608,0.02004,,43.16,22.988,0.014,431.3,,458.17
3609,0.02047,,23.99,23.036,0.008,437.76,,464.78
3610,0.02089,,4.95,23.089,0.002,444.35,,471.47
3611,0.0213,,346.04,23.148,-0.005,450.39,,477.54
3612,0.02169,,327.25,23.211,-0.012,455.25,,482.33
3613,0.02206,,308.56,23.277,-0.017,458.41,,485.31
3614,0.02241,,289.98,23.343,-0.021,459.54,,486.12
3615,0.02274,,271.5,23.409,-0.023,458.57,,484.71
3616,0.02304,,253.12,23.474,-0.022,455.64,,481.25
3617,0.02331,,234.82,23.536,-0.019,451.13,,476.14
3618,0.02356,,216.6,23.593,-0.014,445.59,,469.97
3619,0.02378,,198.45,23.644,-0.008,439.65,,463.41
3620,0.02397,,180.38,23.689,-0,433.98,,457.2
3621,0.02412,,162.36,23.726,0.007,429.22,,451.98
3622,0.02425,,144.4,23.755,0.014,425.86,,448.3
3623,0.02434,,126.48,23.773,0.02,424.27,,446.52
3624,0.0244,,108.61,23.782,0.023,424.61,,446.83
3625,0.02442,,90.77,23.78,0.024,426.85,,449.21
3626,0.02442,,72.95,23.767,0.023,430.78,,453.41
3627,0.02438,,55.15,23.743,0.02,435.99,,459.02
3628,0.0243,,37.36,23.708,0.015,441.95,,465.49
3629,0.02419,,19.57,23.663,0.008,448.02,,472.14
3630,0.02405,,1.78,23.608,0.001,453.55,,478.27
3631,0.02388,,343.98,23.545,-0.007,457.92,,483.25
3632,0.02368,,326.16,23.474,-0.013,460.61,,486.51
3633,0.02344,,308.32,23.396,-0.018,461.31,,487.69
3634,0.02317,,290.45,23.314,-0.022,459.88,,486.65
3635,0.02287,,272.54,23.23,-0.023,456.44,,483.5
3636,0.02254,,254.59,23.144,-0.022,451.31,,478.54
3637,0.02218,,236.6,23.061,-0.019,444.98,,472.3
3638,0.0218,,218.56,22.981,-0.014,438.06,,465.4
3639,0.02138,,200.47,22.907,-0.007,431.2,,458.52
3640,0.02094,,182.32,22.842,-0.001,425.03,,452.3
3641,0.02048,,164.13,22.787,0.006,420.07,,447.32
3642,0.01999,,145.89,22.744,0.011,416.73,,443.99
3643,0.01948,,127.59,22.715,0.015,415.23,,442.55
3644,0.01895,,109.25,22.701,0.018,415.63,,443.05
3645,0.0184,,90.85,22.703,0.018,417.81,,445.35
3646,0.01784,,72.4,22.722,0.017,421.47,,449.15
3647,0.01725,,53.9,22.757,0.014,426.2,,454
3648,0.01665,,35.35,22.808,0.01,431.51,,459.38
3649,0.01604,,16.73,22.875,0.005,436.88,,464.74
3650,0.01542,,358.04,22.954,-0.001,441.81,,469.53
3651,0.01479,,339.28,23.045,-0.005,445.87,,473.33
3652,0.01416,,320.42,23.146,-0.009,448.79,,475.86
3653,0.01352,,301.44,23.254,-0.012,450.41,,476.97
3654,0.01288,,282.32,23.365,-0.013,450.77,,476.71
3655,0.01225,,263.02,23.479,-0.012,450.03,,475.3
3656,0.01163,,243.51,23.59,-0.01,448.48,,473.03
3657,0.01102,,223.74,23.697,-0.008,446.48,,470.32
3658,0.01043,,203.65,23.798,-0.004,444.42,,467.6
3659,0.00988,,183.2,23.888,-0.001,442.64,,465.22
3660,0.00936,,162.33,23.966,0.003,441.45,,463.54
3661,0.00889,,140.98,24.031,0.006,441.04,,462.76
3662,0.00848,,119.12,24.08,0.007,441.51,,462.97
3663,0.00814,,96.74,24.112,0.008,442.8,,464.16
3664,0.00789,,73.89,24.126,0.008,444.77,,466.15
3665,0.00774,,50.66,24.121,0.006,447.17,,468.68
3666,0.00769,,27.19,24.099,0.004,449.66,,471.42
3667,0.00776,,3.69,24.058,0,451.88,,473.98
3668,0.00794,,340.33,24,-0.003,453.47,,475.98
3669,0.00824,,317.29,23.925,-0.006,454.12,,477.09
3670,0.00863,,294.68,23.836,-0.008,453.61,,477.05
3671,0.00911,,272.57,23.735,-0.009,451.82,,475.74
3672,0.00966,,250.97,23.623,-0.009,448.8,,473.18
3673,0.01029,,229.86,23.503,-0.008,444.72,,469.55
3674,0.01097,,209.19,23.378,-0.005,439.89,,465.14
3675,0.0117,,188.91,23.251,-0.002,434.72,,460.37
3676,0.01247,,168.97,23.125,0.002,429.68,,455.71
3677,0.01327,,149.32,23.003,0.007,425.24,,451.66
3678,0.01411,,129.91,22.887,0.011,421.82,,448.64
3679,0.01496,,110.7,22.782,0.014,419.79,,447.05
3680,0.01584,,91.67,22.689,0.016,419.36,,447.09
3681,0.01674,,72.8,22.611,0.016,420.6,,448.83
3682,0.01765,,54.05,22.549,0.014,423.42,,452.17
3683,0.01858,,35.42,22.505,0.011,427.55,,456.81
3684,0.01951,,16.9,22.481,0.006,432.58,,462.32
3685,0.02046,,358.48,22.476,-0.001,437.96,,468.1
3686,0.0214,,340.16,22.491,-0.007,443.12,,473.52
3687,0.02236,,321.94,22.525,-0.014,447.43,,477.95
3688,0.02331,,303.8,22.577,-0.019,450.38,,480.79
3689,0.02427,,285.76,22.646,-0.023,451.57,,481.67
3690,0.02522,,267.81,22.729,-0.025,450.81,,480.37
3691,0.02618,,249.95,22.826,-0.025,448.13,,476.97
3692,0.02713,,232.19,22.933,-0.021,443.8,,471.77
3693,0.02807,,214.51,23.047,-0.016,438.29,,465.27
3694,0.02901,,196.92,23.167,-0.008,432.21,,458.17
3695,0.02994,,179.41,23.29,0,426.27,,451.22
3696,0.03086,,161.98,23.412,0.01,421.18,,445.18
3697,0.03176,,144.63,23.531,0.018,417.59,,440.76
3698,0.03266,,127.35,23.645,0.026,416,,438.48
3699,0.03354,,110.14,23.752,0.031,416.78,,438.76
3700,0.0344,,92.98,23.849,0.034,420.09,,441.73
3701,0.03524,,75.87,23.934,0.034,425.85,,447.33
3702,0.03606,,58.81,24.007,0.031,433.76,,455.25
3703,0.03686,,41.79,24.065,0.025,443.3,,464.94
3704,0.03764,,24.8,24.108,0.016,453.75,,475.65
3705,0.03839,,7.83,24.135,0.005,464.24,,486.49
3706,0.03911,,350.87,24.146,-0.006,473.81,,496.47
3707,0.03981,,333.93,24.14,-0.017,481.54,,504.59
3708,0.04047,,316.99,24.118,-0.028,486.59,,510.01
3709,0.04111,,300.04,24.08,-0.036,488.35,,512.1
3710,0.04171,,283.07,24.027,-0.041,486.51,,510.5
3711,0.04227,,266.09,23.96,-0.042,481.12,,505.24
3712,0.0428,,249.09,23.88,-0.04,472.57,,496.73
3713,0.0433,,232.06,23.789,-0.034,461.56,,485.68
3714,0.04375,,214.99,23.689,-0.025,449.04,,473.07
3715,0.04416,,197.88,23.581,-0.014,436.07,,459.99
3716,0.04453,,180.74,23.469,-0.001,423.77,,447.62
3717,0.04486,,163.54,23.353,0.013,413.14,,436.98
3718,0.04515,,146.31,23.238,0.025,405.02,,428.98
3719,0.04539,,129.03,23.125,0.035,400.04,,424.28
3720,0.04558,,111.71,23.017,0.042,398.55,,423.25
3721,0.04574,,94.35,22.916,0.046,400.61,,425.94
3722,0.04584,,76.96,22.825,0.045,406.02,,432.15
3723,0.04589,,59.53,22.745,0.04,414.24,,441.33
3724,0.0459,,42.08,22.68,0.031,424.53,,452.64
3725,0.04586,,24.62,22.63,0.019,435.88,,465.02
3726,0.04577,,7.15,22.596,0.006,447.21,,477.29
3727,0.04563,,349.68,22.58,-0.008,457.36,,488.22
3728,0.04544,,332.22,22.581,-0.021,465.32,,496.71
3729,0.0452,,314.78,22.6,-0.032,470.28,,501.9
3730,0.04492,,297.38,22.635,-0.04,471.8,,503.31
3731,0.04458,,280.01,22.687,-0.044,469.81,,500.88
3732,0.0442,,262.7,22.753,-0.044,464.62,,494.96
3733,0.04377,,245.44,22.831,-0.04,456.9,,486.29
3734,0.04329,,228.24,22.92,-0.032,447.56,,475.83
3735,0.04277,,211.11,23.017,-0.022,437.61,,464.71
3736,0.0422,,194.06,23.12,-0.01,428.06,,454.03
3737,0.04158,,177.08,23.226,0.002,419.84,,444.75
3738,0.04093,,160.18,23.333,0.014,413.68,,437.66
3739,0.04023,,143.37,23.437,0.024,410.06,,433.29
3740,0.03949,,126.64,23.537,0.032,409.25,,431.93
3741,0.03871,,109.98,23.63,0.036,411.26,,433.57
3742,0.03789,,93.41,23.714,0.038,415.86,,437.98
3743,0.03704,,76.92,23.787,0.036,422.61,,444.7
3744,0.03615,,60.5,23.849,0.031,430.92,,453.12
3745,0.03523,,44.16,23.896,0.025,440.06,,462.46
3746,0.03428,,27.89,23.93,0.016,449.24,,471.94
3747,0.0333,,11.7,23.948,0.007,457.72,,480.73
3748,0.03229,,355.59,23.952,-0.002,464.8,,488.14
3749,0.03126,,339.54,23.941,-0.011,469.95,,493.62
3750,0.03022,,323.57,23.915,-0.018,472.83,,496.8
3751,0.02915,,307.69,23.876,-0.023,473.33,,497.55
3752,0.02807,,291.89,23.825,-0.026,471.56,,495.99
3753,0.02698,,276.18,23.762,-0.027,467.8,,492.4
3754,0.02588,,260.57,23.691,-0.026,462.51,,487.25
3755,0.02478,,245.08,23.612,-0.022,456.2,,481.06
3756,0.02367,,229.72,23.528,-0.018,449.44,,474.4
3757,0.02258,,214.51,23.44,-0.013,442.73,,467.81
3758,0.0215,,199.47,23.351,-0.007,436.53,,461.73
3759,0.02043,,184.64,23.264,-0.002,431.17,,456.54
3760,0.01939,,170.05,23.18,0.003,426.86,,452.44
3761,0.01838,,155.73,23.101,0.008,423.72,,449.52
3762,0.01742,,141.72,23.029,0.011,421.72,,447.77
3763,0.01651,,128.07,22.967,0.013,420.78,,447.11
3764,0.01567,,114.82,22.915,0.014,420.75,,447.35
3765,0.0149,,102,22.875,0.015,421.45,,448.32
3766,0.01424,,89.62,22.848,0.014,422.71,,449.81
3767,0.01368,,77.68,22.833,0.013,424.38,,451.65
3768,0.01324,,66.15,22.832,0.012,426.32,,453.74
3769,0.01295,,54.96,22.843,0.011,428.49,,455.97
3770,0.0128,,43.98,22.868,0.009,430.84,,458.34
3771,0.0128,,33.08,22.904,0.007,433.38,,460.85
3772,0.01295,,22.13,22.95,0.005,436.11,,463.5
3773,0.01324,,10.98,23.006,0.003,439.05,,466.32
3774,0.01366,,359.53,23.069,-0,442.18,,469.28
3775,0.01421,,347.73,23.138,-0.003,445.41,,472.32
3776,0.01485,,335.52,23.212,-0.006,448.62,,475.32
3777,0.01558,,322.92,23.288,-0.009,451.65,,478.1
3778,0.01638,,309.94,23.364,-0.013,454.28,,480.44
3779,0.01724,,296.61,23.439,-0.015,456.27,,482.12
3780,0.01815,,282.96,23.51,-0.018,457.38,,482.88
3781,0.0191,,269.02,23.577,-0.019,457.43,,482.55
3782,0.02008,,254.84,23.637,-0.019,456.27,,480.98
3783,0.02109,,240.44,23.689,-0.018,453.88,,478.16
3784,0.02211,,225.85,23.732,-0.016,450.32,,474.17
3785,0.02315,,211.09,23.765,-0.012,445.79,,469.22
3786,0.02419,,196.17,23.787,-0.007,440.59,,463.63
3787,0.02525,,181.12,23.798,-0,435.11,,457.8
3788,0.0263,,165.95,23.796,0.006,429.78,,452.2
3789,0.02736,,150.66,23.783,0.013,425.08,,447.33
3790,0.02842,,135.26,23.758,0.02,421.46,,443.64
3791,0.02948,,119.77,23.722,0.026,419.28,,441.54
3792,0.03053,,104.18,23.675,0.03,418.85,,441.33
3793,0.03158,,88.49,23.619,0.032,420.33,,443.19
3794,0.03262,,72.72,23.553,0.031,423.73,,447.12
3795,0.03365,,56.85,23.481,0.028,428.91,,452.97
3796,0.03468,,40.9,23.403,0.023,435.54,,460.4
3797,0.0357,,24.86,23.322,0.015,443.14,,468.89
3798,0.0367,,8.74,23.239,0.006,451.07,,477.76
3799,0.0377,,352.54,23.155,-0.005,458.63,,486.24
3800,0.03868,,336.26,23.075,-0.016,465.03,,493.51
3801,0.03965,,319.91,22.999,-0.026,469.56,,498.77
3802,0.04061,,303.48,22.929,-0.034,471.62,,501.36
3803,0.04155,,286.99,22.868,-0.04,470.8,,500.85
3804,0.04248,,270.44,22.818,-0.042,466.99,,497.1
3805,0.04339,,253.84,22.78,-0.042,460.35,,490.26
3806,0.04428,,237.19,22.755,-0.037,451.36,,480.82
3807,0.04515,,220.5,22.745,-0.029,440.74,,469.56
3808,0.046,,203.79,22.75,-0.019,429.4,,457.45
3809,0.04684,,187.05,22.771,-0.006,418.32,,445.55
3810,0.04765,,170.3,22.806,0.008,408.51,,434.9
3811,0.04843,,153.55,22.856,0.022,400.83,,426.48
3812,0.0492,,136.8,22.92,0.034,396.03,,421.05
3813,0.04993,,120.06,22.995,0.043,394.61,,419.17
3814,0.05064,,103.34,23.081,0.049,396.85,,421.11
3815,0.05132,,86.64,23.175,0.051,402.74,,426.89
3816,0.05197,,69.97,23.275,0.049,412.02,,436.2
3817,0.05258,,53.33,23.379,0.042,424.13,,448.49
3818,0.05317,,36.72,23.483,0.032,438.26,,462.85
3819,0.05372,,20.15,23.585,0.018,453.37,,478.22
3820,0.05423,,3.6,23.682,0.003,468.26,,493.36
3821,0.05471,,347.08,23.772,-0.012,481.67,,506.94
3822,0.05514,,330.59,23.854,-0.027,492.42,,517.75
3823,0.05554,,314.11,23.923,-0.04,499.51,,524.77
3824,0.0559,,297.66,23.98,-0.05,502.26,,527.31
3825,0.05621,,281.21,24.021,-0.055,500.39,,525.09
3826,0.05648,,264.77,24.047,-0.056,494.09,,518.32
3827,0.05671,,248.33,24.056,-0.053,483.93,,507.61
3828,0.05688,,231.88,24.048,-0.045,470.86,,493.95
3829,0.05702,,215.41,24.022,-0.033,456.07,,478.57
3830,0.0571,,198.92,23.981,-0.019,440.83,,462.81
3831,0.05713,,182.41,23.923,-0.002,426.41,,447.99
3832,0.05712,,165.86,23.85,0.014,413.94,,435.26
3833,0.05705,,149.27,23.764,0.029,404.36,,425.61
3834,0.05693,,132.63,23.667,0.042,398.31,,419.73
3835,0.05676,,115.95,23.562,0.051,396.17,,418
3836,0.05654,,99.21,23.449,0.056,398,,420.5
3837,0.05627,,82.43,23.333,0.056,403.58,,426.97
3838,0.05594,,65.58,23.216,0.051,412.37,,436.89
3839,0.05556,,48.69,23.101,0.042,423.56,,449.36
3840,0.05513,,31.74,22.99,0.029,436.13,,463.3
3841,0.05465,,14.75,22.888,0.014,448.86,,477.4
3842,0.05411,,357.72,22.795,-0.002,460.5,,490.31
3843,0.05353,,340.65,22.715,-0.018,469.87,,500.77
3844,0.05289,,323.56,22.65,-0.031,476.02,,507.72
3845,0.0522,,306.45,22.601,-0.042,478.34,,510.49
3846,0.05146,,289.34,22.569,-0.049,476.64,,508.87
3847,0.05068,,272.23,22.556,-0.051,471.19,,503.14
3848,0.04984,,255.14,22.56,-0.048,462.63,,493.97
3849,0.04896,,238.07,22.583,-0.042,451.94,,482.42
3850,0.04804,,221.05,22.622,-0.032,440.23,,469.71
3851,0.04707,,204.07,22.677,-0.019,428.66,,457.06
3852,0.04606,,187.16,22.747,-0.006,418.3,,445.65
3853,0.04501,,170.31,22.828,0.008,410,,436.38
3854,0.04393,,153.54,22.92,0.02,404.4,,429.94
3855,0.0428,,136.86,23.019,0.029,401.85,,426.73
3856,0.04165,,120.27,23.124,0.036,402.43,,426.82
3857,0.04046,,103.78,23.231,0.039,405.98,,430.04
3858,0.03925,,87.4,23.339,0.039,412.11,,435.96
3859,0.03801,,71.12,23.445,0.036,420.23,,444
3860,0.03674,,54.96,23.546,0.03,429.65,,453.4
3861,0.03546,,38.92,23.641,0.022,439.57,,463.34
3862,0.03416,,23,23.729,0.013,449.21,,473.02
3863,0.03285,,7.22,23.806,0.004,457.85,,481.68
3864,0.03153,,351.57,23.873,-0.005,464.92,,488.72
3865,0.03021,,336.07,23.929,-0.012,470.01,,493.75
3866,0.02889,,320.74,23.971,-0.018,472.91,,496.54
3867,0.02757,,305.57,24.001,-0.022,473.64,,497.13
3868,0.02627,,290.6,24.018,-0.025,472.39,,495.74
3869,0.02498,,275.83,24.021,-0.025,469.51,,492.68
3870,0.02372,,261.3,24.012,-0.023,465.4,,488.43
3871,0.02249,,247.02,23.99,-0.021,460.52,,483.44
3872,0.0213,,233.02,23.956,-0.017,455.3,,478.15
3873,0.02017,,219.34,23.911,-0.013,450.11,,472.95
3874,0.01911,,206,23.855,-0.008,445.23,,468.13
3875,0.01812,,193.03,23.791,-0.004,440.85,,463.88
3876,0.01722,,180.46,23.718,-0,437.06,,460.29
3877,0.01644,,168.29,23.639,0.003,433.89,,457.37
3878,0.01577,,156.5,23.555,0.006,431.28,,455.08
3879,0.01524,,145.05,23.467,0.009,429.17,,453.33
3880,0.01487,,133.87,23.377,0.011,427.49,,452.03
3881,0.01465,,122.84,23.286,0.012,426.18,,451.13
3882,0.01459,,111.85,23.197,0.014,425.22,,450.6
3883,0.01469,,100.74,23.11,0.014,424.63,,450.44
3884,0.01495,,89.4,23.027,0.015,424.47,,450.71
3885,0.01534,,77.72,22.951,0.015,424.83,,451.5
3886,0.01585,,65.64,22.881,0.014,425.79,,452.89
3887,0.01646,,53.13,22.821,0.013,427.43,,454.97
3888,0.01717,,40.18,22.77,0.011,429.76,,457.73
3889,0.01794,,26.81,22.731,0.008,432.77,,461.15
3890,0.01877,,13.05,22.704,0.004,436.32,,465.08
3891,0.01964,,358.93,22.689,-0,440.22,,469.32
3892,0.02054,,344.5,22.688,-0.005,444.18,,473.55
3893,0.02147,,329.8,22.7,-0.011,447.86,,477.41
3894,0.02241,,314.87,22.725,-0.016,450.91,,480.5
3895,0.02336,,299.74,22.763,-0.02,452.96,,482.47
3896,0.02431,,284.44,22.814,-0.024,453.73,,483
3897,0.02526,,269,22.875,-0.025,453.02,,481.9
3898,0.0262,,253.45,22.947,-0.025,450.8,,479.13
3899,0.02714,,237.81,23.027,-0.023,447.16,,474.81
3900,0.02805,,222.1,23.113,-0.019,442.36,,469.22
3901,0.02896,,206.33,23.204,-0.013,436.8,,462.82
3902,0.02985,,190.52,23.298,-0.005,430.97,,456.13
3903,0.03072,,174.68,23.393,0.003,425.42,,449.76
3904,0.03157,,158.81,23.486,0.011,420.7,,444.28
3905,0.0324,,142.92,23.575,0.02,417.32,,440.25
3906,0.0332,,127.02,23.658,0.027,415.69,,438.11
3907,0.03399,,111.11,23.733,0.032,416.11,,438.15
3908,0.03475,,95.18,23.798,0.035,418.71,,440.55
3909,0.03549,,79.24,23.852,0.035,423.46,,445.26
3910,0.03621,,63.28,23.894,0.032,430.15,,452.07
3911,0.0369,,47.31,23.922,0.027,438.39,,460.58
3912,0.03757,,31.32,23.935,0.02,447.62,,470.2
3913,0.03821,,15.3,23.934,0.01,457.16,,480.23
3914,0.03883,,359.25,23.918,-0.001,466.23,,489.85
3915,0.03942,,343.16,23.887,-0.011,474.03,,498.22
3916,0.03998,,327.04,23.843,-0.022,479.8,,504.54
3917,0.04053,,310.86,23.786,-0.031,482.92,,508.18
3918,0.04104,,294.64,23.718,-0.037,482.99,,508.66
3919,0.04153,,278.36,23.64,-0.041,479.84,,505.81
3920,0.04199,,262.02,23.555,-0.042,473.63,,499.76
3921,0.04243,,245.61,23.465,-0.039,464.77,,490.95
3922,0.04284,,229.14,23.372,-0.032,453.95,,480.04
3923,0.04322,,212.61,23.279,-0.023,442.02,,467.95
3924,0.04357,,196.01,23.188,-0.012,429.94,,455.65
3925,0.0439,,179.35,23.103,0,418.68,,444.17
3926,0.0442,,162.63,23.026,0.013,409.13,,434.44
3927,0.04446,,145.85,22.958,0.025,402.04,,427.24
3928,0.0447,,129.02,22.902,0.035,397.95,,423.17
3929,0.04491,,112.15,22.86,0.042,397.18,,422.57
3930,0.04508,,95.24,22.833,0.045,399.83,,425.53
3931,0.04522,,78.31,22.821,0.044,405.69,,431.84
3932,0.04534,,61.35,22.824,0.04,414.34,,441.02
3933,0.04541,,44.38,22.843,0.032,425.09,,452.37
3934,0.04546,,27.41,22.876,0.021,437.06,,464.92
3935,0.04546,,10.44,22.922,0.008,449.23,,477.6
3936,0.04544,,353.48,22.98,-0.005,460.53,,489.29
3937,0.04538,,336.54,23.047,-0.018,469.94,,498.88
3938,0.04528,,319.61,23.121,-0.029,476.6,,505.51
3939,0.04514,,302.71,23.199,-0.038,479.93,,508.55
3940,0.04496,,285.83,23.28,-0.043,479.67,,507.8
3941,0.04475,,268.97,23.36,-0.045,475.96,,503.39
3942,0.0445,,252.13,23.437,-0.042,469.23,,495.83
3943,0.04421,,235.31,23.509,-0.036,460.25,,485.92
3944,0.04388,,218.5,23.573,-0.027,449.92,,474.65
3945,0.0435,,201.7,23.628,-0.016,439.26,,463.1
3946,0.04309,,184.9,23.672,-0.004,429.24,,452.3
3947,0.04264,,168.11,23.705,0.009,420.74,,443.17
3948,0.04215,,151.3,23.725,0.02,414.44,,436.43
3949,0.04161,,134.48,23.732,0.03,410.82,,432.58
3950,0.04104,,117.64,23.727,0.036,410.11,,431.86
3951,0.04042,,100.78,23.709,0.04,412.28,,434.24
3952,0.03977,,83.88,23.68,0.04,417.08,,439.44
3953,0.03907,,66.94,23.641,0.036,424.03,,446.98
3954,0.03833,,49.96,23.592,0.029,432.45,,456.11
3955,0.03756,,32.93,23.537,0.02,441.52,,465.98
3956,0.03675,,15.85,23.476,0.01,450.36,,475.66
3957,0.03589,,358.72,23.412,-0.001,458.1,,484.2
3958,0.03501,,341.53,23.346,-0.011,463.98,,490.8
3959,0.03408,,324.29,23.281,-0.02,467.43,,494.83
3960,0.03312,,306.99,23.218,-0.026,468.15,,495.96
3961,0.03213,,289.64,23.159,-0.03,466.14,,494.17
3962,0.0311,,272.24,23.107,-0.031,461.68,,489.76
3963,0.03004,,254.78,23.062,-0.029,455.32,,483.27
3964,0.02896,,237.28,23.025,-0.024,447.77,,475.46
3965,0.02784,,219.73,22.997,-0.018,439.81,,467.17
3966,0.0267,,202.14,22.979,-0.01,432.24,,459.23
3967,0.02553,,184.51,22.971,-0.002,425.75,,452.37
3968,0.02434,,166.83,22.972,0.006,420.85,,447.16
3969,0.02312,,149.12,22.983,0.012,417.9,,443.97
3970,0.02189,,131.35,23.002,0.016,417.01,,442.93
3971,0.02064,,113.54,23.029,0.019,418.11,,443.95
3972,0.01937,,95.67,23.062,0.019,420.92,,446.76
3973,0.01809,,77.74,23.101,0.018,425.02,,450.91
3974,0.0168,,59.71,23.144,0.015,429.9,,455.85
3975,0.01551,,41.57,23.19,0.01,434.99,,460.99
3976,0.01421,,23.29,23.238,0.006,439.75,,465.77
3977,0.0129,,4.81,23.287,0.001,443.72,,469.71
3978,0.0116,,346.07,23.336,-0.003,446.59,,472.47
3979,0.01031,,326.96,23.383,-0.006,448.2,,473.9
3980,0.00903,,307.33,23.429,-0.007,448.57,,474.04
3981,0.00778,,286.91,23.472,-0.007,447.89,,473.08
3982,0.00656,,265.3,23.511,-0.007,446.46,,471.33
3983,0.00541,,241.76,23.547,-0.005,444.65,,469.23
3984,0.00436,,215.05,23.58,-0.003,442.88,,467.18
3985,0.00352,,183.2,23.608,-0,441.49,,465.57
3986,0.00303,,144.79,23.631,0.002,440.76,,464.66
3987,0.00305,,103.24,23.65,0.003,440.85,,464.66
3988,0.00357,,65.87,23.664,0.003,441.78,,465.55
3989,0.00439,,35.05,23.674,0.003,443.42,,467.23
3990,0.00537,,9.02,23.678,0.001,445.53,,469.43
3991,0.00641,,345.94,23.678,-0.002,447.79,,471.82
3992,0.00749,,324.66,23.672,-0.004,449.82,,473.99
3993,0.00857,,304.51,23.66,-0.007,451.24,,475.55
3994,0.00964,,285.1,23.644,-0.009,451.74,,476.16
3995,0.01071,,266.21,23.621,-0.011,451.08,,475.6
3996,0.01175,,247.68,23.593,-0.011,449.2,,473.78
3997,0.01277,,229.42,23.559,-0.01,446.16,,470.76
3998,0.01376,,211.36,23.519,-0.007,442.2,,466.8
3999,0.01473,,193.45,23.474,-0.003,437.66,,462.25
4000,0.01566,,175.66,23.424,0.001,432.97,,457.58
4001,0.01656,,157.95,23.369,0.006,428.62,,453.28
4002,0.01743,,140.31,23.31,0.011,425.06,,449.83
4003,0.01827,,122.72,23.248,0.015,422.68,,447.63
4004,0.01906,,105.16,23.184,0.018,421.75,,447
4005,0.01982,,87.63,23.119,0.02,422.42,,448.05
4006,0.02055,,70.12,23.054,0.019,424.65,,450.76
4007,0.02124,,52.63,22.992,0.017,428.27,,454.93
4008,0.02188,,35.14,22.933,0.013,432.93,,460.2
4009,0.02249,,17.65,22.88,0.007,438.16,,466.06
4010,0.02306,,0.17,22.835,0,443.41,,471.91
4011,0.0236,,342.7,22.798,-0.007,448.11,,477.12
4012,0.02409,,325.23,22.772,-0.014,451.71,,481.1
4013,0.02454,,307.78,22.757,-0.019,453.77,,483.37
4014,0.02496,,290.33,22.756,-0.023,454.03,,483.66
4015,0.02534,,272.91,22.768,-0.025,452.4,,481.85
4016,0.02568,,255.51,22.795,-0.025,449.03,,478.1
4017,0.02598,,238.15,22.836,-0.022,444.24,,472.78
4018,0.02624,,220.82,22.89,-0.017,438.55,,466.42
4019,0.02647,,203.54,22.958,-0.011,432.54,,459.67
4020,0.02666,,186.3,23.036,-0.003,426.85,,453.19
4021,0.02682,,169.12,23.125,0.005,422.08,,447.65
4022,0.02694,,152,23.221,0.013,418.72,,443.59
4023,0.02703,,134.93,23.322,0.019,417.17,,441.41
4024,0.02708,,117.93,23.426,0.024,417.63,,441.35
4025,0.0271,,100.98,23.53,0.027,420.14,,443.46
4026,0.02709,,84.1,23.63,0.027,424.57,,447.59
4027,0.02704,,67.27,23.725,0.025,430.6,,453.45
4028,0.02697,,50.49,23.812,0.021,437.8,,460.55
4029,0.02686,,33.76,23.889,0.015,445.6,,468.34
4030,0.02672,,17.07,23.952,0.008,453.37,,476.14
4031,0.02656,,0.41,24.001,0,460.47,,483.31
4032,0.02636,,343.77,24.034,-0.007,466.31,,489.25
4033,0.02614,,327.14,24.05,-0.014,470.39,,493.44
4034,0.02589,,310.52,24.048,-0.02,472.38,,495.53
4035,0.02562,,293.89,24.029,-0.023,472.11,,495.37
4036,0.02531,,277.24,23.993,-0.025,469.64,,492.99
4037,0.02498,,260.57,23.94,-0.025,465.21,,488.64
4038,0.02462,,243.87,23.872,-0.022,459.21,,482.72
4039,0.02424,,227.12,23.791,-0.018,452.17,,475.79
4040,0.02384,,210.32,23.699,-0.012,444.69,,468.43
4041,0.02341,,193.45,23.598,-0.005,437.36,,461.25
4042,0.02295,,176.53,23.492,0.001,430.73,,454.85
4043,0.02247,,159.53,23.382,0.008,425.28,,449.67
4044,0.02197,,142.45,23.272,0.013,421.33,,446.08
4045,0.02144,,125.29,23.165,0.018,419.1,,444.28
4046,0.02089,,108.05,23.065,0.02,418.63,,444.31
4047,0.02031,,90.73,22.973,0.02,419.79,,446.04
4048,0.01972,,73.33,22.892,0.019,422.36,,449.19
4049,0.0191,,55.84,22.825,0.016,425.97,,453.38
4050,0.01845,,38.28,22.773,0.011,430.16,,458.14
4051,0.01779,,20.63,22.736,0.006,434.48,,462.93
4052,0.0171,,2.9,22.716,0.001,438.45,,467.27
4053,0.01639,,345.09,22.713,-0.004,441.68,,470.74
4054,0.01566,,327.19,22.725,-0.008,443.88,,473.01
4055,0.01491,,309.19,22.752,-0.012,444.91,,473.96
4056,0.01415,,291.08,22.792,-0.013,444.76,,473.58
4057,0.01336,,272.84,22.844,-0.013,443.59,,472.04
4058,0.01256,,254.43,22.905,-0.012,441.65,,469.64
4059,0.01175,,235.83,22.973,-0.01,439.3,,466.76
4060,0.01093,,216.97,23.045,-0.007,436.9,,463.81
4061,0.0101,,197.78,23.12,-0.003,434.82,,461.2
4062,0.00926,,178.16,23.194,0,433.36,,459.24
4063,0.00844,,157.97,23.266,0.003,432.73,,458.17
4064,0.00763,,137.01,23.335,0.005,433.02,,458.12
4065,0.00686,,115.04,23.398,0.006,434.22,,459.04
4066,0.00614,,91.71,23.454,0.006,436.18,,460.8
4067,0.0055,,66.65,23.503,0.005,438.66,,463.16
4068,0.005,,39.55,23.544,0.003,441.34,,465.77
4069,0.00469,,10.47,23.576,0.001,443.88,,468.26
4070,0.00462,,340.15,23.6,-0.002,445.94,,470.29
4071,0.0048,,309.97,23.617,-0.004,447.22,,471.56
4072,0.00522,,281.21,23.626,-0.005,447.54,,471.84
4073,0.00584,,254.48,23.628,-0.006,446.82,,471.06
4074,0.0066,,229.72,23.626,-0.005,445.13,,469.3
4075,0.00747,,206.63,23.618,-0.003,442.68,,466.76
4076,0.00841,,184.81,23.607,-0.001,439.78,,463.76
4077,0.0094,,163.95,23.594,0.003,436.81,,460.7
4078,0.01044,,143.82,23.578,0.006,434.19,,458.02
4079,0.0115,,124.24,23.562,0.01,432.32,,456.14
4080,0.01258,,105.08,23.545,0.012,431.53,,455.4
4081,0.01367,,86.25,23.528,0.014,432.03,,456.02
4082,0.01477,,67.67,23.511,0.014,433.89,,458.07
4083,0.01587,,49.3,23.495,0.012,437.03,,461.48
4084,0.01698,,31.1,23.479,0.009,441.18,,465.96
4085,0.01808,,13.03,23.462,0.004,445.96,,471.09
4086,0.01918,,355.07,23.446,-0.002,450.85,,476.36
4087,0.02026,,337.21,23.428,-0.008,455.27,,481.12
4088,0.02134,,319.43,23.409,-0.014,458.64,,484.79
4089,0.0224,,301.71,23.389,-0.019,460.45,,486.82
4090,0.02345,,284.04,23.367,-0.023,460.33,,486.83
4091,0.02448,,266.43,23.343,-0.024,458.12,,484.63
4092,0.02548,,248.85,23.316,-0.024,453.86,,480.27
4093,0.02647,,231.3,23.288,-0.021,447.86,,474.08
4094,0.02743,,213.77,23.258,-0.015,440.61,,466.58
4095,0.02837,,196.26,23.226,-0.008,432.78,,458.45
4096,0.02927,,178.77,23.194,0.001,425.1,,450.49
4097,0.03015,,161.29,23.163,0.01,418.33,,443.48
4098,0.03099,,143.82,23.132,0.018,413.14,,438.13
4099,0.0318,,126.36,23.104,0.026,410.08,,435.03
4100,0.03258,,108.9,23.08,0.031,409.52,,434.56
4101,0.03331,,91.45,23.06,0.033,411.62,,436.89
4102,0.03402,,74,23.046,0.033,416.28,,441.9
4103,0.03468,,56.57,23.039,0.029,423.18,,449.27
4104,0.0353,,39.15,23.04,0.022,431.77,,458.4
4105,0.03588,,21.75,23.048,0.013,441.31,,468.48
4106,0.03641,,4.37,23.064,0.003,450.92,,478.58
4107,0.0369,,347.02,23.089,-0.008,459.68,,487.74
4108,0.03735,,329.7,23.121,-0.019,466.71,,495.01
4109,0.03775,,312.41,23.161,-0.028,471.3,,499.64
4110,0.03811,,295.17,23.206,-0.034,472.96,,501.13
4111,0.03842,,277.97,23.256,-0.038,471.53,,499.31
4112,0.03869,,260.81,23.309,-0.038,467.16,,494.37
4113,0.03891,,243.7,23.364,-0.035,460.32,,486.83
4114,0.03908,,226.65,23.418,-0.028,451.73,,477.44
4115,0.0392,,209.64,23.469,-0.019,442.23,,467.11
4116,0.03928,,192.68,23.516,-0.009,432.77,,456.86
4117,0.03932,,175.77,23.557,0.003,424.2,,447.59
4118,0.0393,,158.9,23.591,0.014,417.29,,440.13
4119,0.03924,,142.07,23.615,0.024,412.61,,435.08
4120,0.03914,,125.28,23.629,0.032,410.55,,432.82
4121,0.03899,,108.52,23.632,0.037,411.23,,433.52
4122,0.0388,,91.79,23.625,0.039,414.57,,437.09
4123,0.03856,,75.09,23.606,0.037,420.25,,443.18
4124,0.03829,,58.4,23.577,0.033,427.77,,451.26
4125,0.03797,,41.73,23.538,0.025,436.45,,460.62
4126,0.03762,,25.07,23.491,0.016,445.5,,470.44
4127,0.03722,,8.41,23.437,0.005,454.09,,479.82
4128,0.0368,,351.77,23.379,-0.005,461.44,,487.93
4129,0.03633,,335.13,23.317,-0.015,466.85,,494
4130,0.03583,,318.49,23.256,-0.024,469.85,,497.54
4131,0.0353,,301.87,23.196,-0.03,470.17,,498.24
4132,0.03474,,285.26,23.141,-0.034,467.85,,496.1
4133,0.03416,,268.67,23.092,-0.034,463.15,,491.41
4134,0.03354,,252.1,23.052,-0.032,456.58,,484.66
4135,0.0329,,235.57,23.023,-0.027,448.78,,476.55
4136,0.03224,,219.08,23.005,-0.02,440.48,,467.84
4137,0.03156,,202.65,23,-0.012,432.42,,459.3
4138,0.03086,,186.28,23.007,-0.003,425.23,,451.62
4139,0.03014,,169.98,23.028,0.005,419.47,,445.4
4140,0.02941,,153.78,23.06,0.013,415.51,,441.02
4141,0.02867,,137.67,23.104,0.019,413.56,,438.73
4142,0.02792,,121.67,23.157,0.024,413.66,,438.56
4143,0.02716,,105.8,23.217,0.026,415.71,,440.41
4144,0.0264,,90.05,23.283,0.026,419.44,,444.02
4145,0.02564,,74.45,23.351,0.025,424.49,,449
4146,0.02488,,58.99,23.42,0.021,430.44,,454.92
4147,0.02412,,43.68,23.486,0.017,436.8,,461.28
4148,0.02337,,28.53,23.548,0.011,443.13,,467.62
4149,0.02263,,13.55,23.603,0.005,448.98,,473.48
4150,0.02191,,358.73,23.649,-0,454,,478.52
4151,0.0212,,344.09,23.685,-0.006,457.92,,482.44
4152,0.02051,,329.63,23.71,-0.01,460.57,,485.1
4153,0.01985,,315.34,23.722,-0.014,461.9,,486.43
4154,0.01921,,301.24,23.721,-0.016,461.93,,486.46
4155,0.01861,,287.31,23.708,-0.018,460.77,,485.32
4156,0.01805,,273.57,23.682,-0.018,458.61,,483.19
4157,0.01753,,260.01,23.646,-0.017,455.64,,480.28
4158,0.01705,,246.61,23.599,-0.016,452.09,,476.78
4159,0.01663,,233.38,23.545,-0.013,448.17,,472.96
4160,0.01627,,220.29,23.484,-0.011,444.08,,468.99
4161,0.01597,,207.34,23.418,-0.007,440.01,,465.04
4162,0.01573,,194.49,23.351,-0.004,436.09,,461.28
4163,0.01557,,181.71,23.284,-0,432.47,,457.8
4164,0.01547,,168.98,23.219,0.003,429.23,,454.73
4165,0.01545,,156.27,23.159,0.006,426.48,,452.14
4166,0.01551,,143.52,23.105,0.009,424.29,,450.1
4167,0.01564,,130.71,23.058,0.012,422.73,,448.69
4168,0.01584,,117.81,23.021,0.014,421.87,,447.99
4169,0.01611,,104.79,22.993,0.016,421.77,,448.03
4170,0.01645,,91.63,22.975,0.016,422.48,,448.88
4171,0.01685,,78.31,22.968,0.016,424.02,,450.56
4172,0.01732,,64.83,22.97,0.016,426.38,,453.05
4173,0.01784,,51.17,22.981,0.014,429.51,,456.31
4174,0.0184,,37.34,23,0.011,433.32,,460.25
4175,0.01902,,23.35,23.026,0.008,437.64,,464.7
4176,0.01968,,9.19,23.058,0.003,442.26,,469.43
4177,0.02037,,354.88,23.093,-0.002,446.91,,474.17
4178,0.0211,,340.42,23.131,-0.007,451.29,,478.6
4179,0.02186,,325.82,23.169,-0.012,455.05,,482.36
4180,0.02265,,311.09,23.208,-0.017,457.87,,485.14
4181,0.02346,,296.23,23.245,-0.021,459.46,,486.61
4182,0.02429,,281.26,23.279,-0.024,459.6,,486.55
4183,0.02514,,266.17,23.311,-0.025,458.16,,484.85
4184,0.02601,,250.98,23.339,-0.025,455.15,,481.5
4185,0.02688,,235.69,23.364,-0.022,450.7,,476.65
4186,0.02778,,220.3,23.385,-0.018,445.08,,470.59
4187,0.02867,,204.82,23.403,-0.012,438.69,,463.73
4188,0.02958,,189.25,23.419,-0.005,432.02,,456.6
4189,0.03048,,173.6,23.433,0.003,425.62,,449.76
4190,0.03139,,157.86,23.445,0.012,420.04,,443.79
4191,0.0323,,142.06,23.457,0.02,415.8,,439.26
4192,0.0332,,126.18,23.469,0.027,413.36,,436.62
4193,0.0341,,110.24,23.482,0.032,413.05,,436.23
4194,0.03499,,94.25,23.495,0.035,415.06,,438.28
4195,0.03587,,78.2,23.51,0.035,419.4,,442.78
4196,0.03674,,62.1,23.526,0.032,425.9,,449.55
4197,0.0376,,45.95,23.544,0.027,434.19,,458.22
4198,0.03844,,29.77,23.562,0.019,443.74,,468.19
4199,0.03926,,13.56,23.58,0.009,453.81,,478.71
4200,0.04007,,357.32,23.597,-0.002,463.61,,488.94
4201,0.04085,,341.04,23.613,-0.013,472.24,,497.96
4202,0.0416,,324.75,23.626,-0.024,478.89,,504.89
4203,0.04234,,308.43,23.634,-0.033,482.86,,509.03
4204,0.04304,,292.09,23.638,-0.04,483.66,,509.86
4205,0.04372,,275.72,23.635,-0.044,481.1,,507.18
4206,0.04436,,259.33,23.624,-0.044,475.29,,501.1
4207,0.04497,,242.91,23.606,-0.04,466.66,,492.11
4208,0.04555,,226.47,23.579,-0.033,455.91,,480.93
4209,0.04609,,209.99,23.544,-0.023,443.93,,468.5
4210,0.04659,,193.48,23.499,-0.011,431.73,,455.86
4211,0.04705,,176.93,23.447,0.003,420.32,,444.09
4212,0.04748,,160.34,23.387,0.016,410.61,,434.13
4213,0.04786,,143.71,23.32,0.028,403.38,,426.82
4214,0.04819,,127.03,23.249,0.038,399.19,,422.75
4215,0.04849,,110.31,23.175,0.045,398.38,,422.26
4216,0.04874,,93.53,23.101,0.049,401.01,,425.43
4217,0.04894,,76.71,23.028,0.048,406.9,,432.05
4218,0.04909,,59.85,22.958,0.042,415.56,,441.61
4219,0.0492,,42.94,22.895,0.034,426.28,,453.34
4220,0.04926,,25.99,22.841,0.022,438.14,,466.26
4221,0.04928,,9.01,22.797,0.008,450.05,,479.19
4222,0.04924,,352.01,22.766,-0.007,460.89,,490.91
4223,0.04916,,334.99,22.749,-0.021,469.61,,500.3
4224,0.04902,,317.97,22.747,-0.033,475.33,,506.4
4225,0.04884,,300.95,22.761,-0.042,477.51,,508.64
4226,0.04861,,283.94,22.79,-0.047,475.97,,506.82
4227,0.04834,,266.96,22.835,-0.048,470.95,,501.21
4228,0.04801,,250.01,22.893,-0.045,463.02,,492.42
4229,0.04764,,233.11,22.964,-0.038,453.07,,481.43
4230,0.04722,,216.26,23.046,-0.028,442.12,,469.35
4231,0.04676,,199.46,23.136,-0.016,431.25,,457.32
4232,0.04626,,182.73,23.231,-0.002,421.45,,446.43
4233,0.04571,,166.07,23.328,0.011,413.58,,437.58
4234,0.04512,,149.47,23.426,0.023,408.27,,431.46
4235,0.0445,,132.95,23.52,0.033,405.88,,428.45
4236,0.04383,,116.5,23.609,0.039,406.56,,428.72
4237,0.04313,,100.13,23.689,0.042,410.19,,432.13
4238,0.04239,,83.81,23.759,0.042,416.43,,438.34
4239,0.04162,,67.57,23.817,0.038,424.74,,446.79
4240,0.04082,,51.39,23.862,0.032,434.44,,456.75
4241,0.03999,,35.27,23.892,0.023,444.72,,467.39
4242,0.03914,,19.2,23.907,0.013,454.73,,477.83
4243,0.03826,,3.19,23.907,0.002,463.68,,487.22
4244,0.03737,,347.22,23.892,-0.008,470.84,,494.84
4245,0.03645,,331.31,23.863,-0.018,475.69,,500.1
4246,0.03552,,315.44,23.822,-0.025,477.92,,502.69
4247,0.03458,,299.62,23.77,-0.03,477.44,,502.5
4248,0.03363,,283.85,23.709,-0.033,474.44,,499.7
4249,0.03268,,268.13,23.641,-0.033,469.26,,494.66
4250,0.03172,,252.46,23.568,-0.03,462.45,,487.89
4251,0.03077,,236.86,23.492,-0.026,454.61,,480.05
4252,0.02983,,221.32,23.416,-0.02,446.37,,471.79
4253,0.02889,,205.86,23.342,-0.013,438.35,,463.72
4254,0.02797,,190.49,23.272,-0.005,431.07,,456.39
4255,0.02706,,175.21,23.207,0.002,424.93,,450.23
4256,0.02618,,160.05,23.15,0.009,420.22,,445.55
4257,0.02533,,145,23.102,0.015,417.1,,442.49
4258,0.02451,,130.09,23.062,0.019,415.58,,441.08
4259,0.02373,,115.32,23.032,0.021,415.6,,441.25
4260,0.02298,,100.7,23.012,0.023,416.98,,442.84
4261,0.02229,,86.24,23.002,0.022,419.52,,445.6
4262,0.02165,,71.94,22.999,0.021,422.95,,449.25
4263,0.02106,,57.81,23.005,0.018,427,,453.52
4264,0.02054,,43.83,23.017,0.014,431.39,,458.11
4265,0.02008,,30,23.035,0.01,435.87,,462.77
4266,0.01969,,16.3,23.057,0.006,440.21,,467.26
4267,0.01936,,2.71,23.082,0.001,444.23,,471.38
4268,0.01911,,349.2,23.109,-0.004,447.75,,474.97
4269,0.01893,,335.76,23.136,-0.008,450.64,,477.89
4270,0.01881,,322.35,23.162,-0.011,452.81,,480.03
4271,0.01877,,308.93,23.187,-0.015,454.16,,481.32
4272,0.01879,,295.49,23.211,-0.017,454.64,,481.7
4273,0.01887,,281.99,23.232,-0.018,454.23,,481.13
4274,0.01901,,268.41,23.252,-0.019,452.93,,479.65
4275,0.01921,,254.74,23.269,-0.019,450.78,,477.28
4276,0.01945,,240.95,23.284,-0.017,447.87,,474.11
4277,0.01973,,227.03,23.298,-0.014,444.33,,470.27
4278,0.02005,,212.99,23.311,-0.011,440.33,,465.98
4279,0.0204,,198.82,23.324,-0.007,436.12,,461.45
4280,0.02078,,184.51,23.337,-0.002,431.93,,456.96
4281,0.02119,,170.08,23.35,0.004,428.07,,452.79
4282,0.02161,,155.52,23.364,0.009,424.81,,449.26
4283,0.02205,,140.85,23.38,0.014,422.41,,446.65
4284,0.0225,,126.07,23.397,0.018,421.11,,445.19
4285,0.02296,,111.2,23.415,0.021,421.09,,445.06
4286,0.02342,,96.23,23.435,0.023,422.43,,446.38
4287,0.0239,,81.17,23.455,0.024,425.14,,449.13
4288,0.02437,,66.04,23.475,0.022,429.12,,453.23
4289,0.02484,,50.84,23.495,0.019,434.19,,458.48
4290,0.02531,,35.58,23.513,0.015,440.05,,464.57
4291,0.02578,,20.26,23.529,0.009,446.32,,471.1
4292,0.02625,,4.88,23.542,0.002,452.56,,477.61
4293,0.02671,,349.45,23.55,-0.005,458.28,,483.6
4294,0.02717,,333.96,23.553,-0.012,463.02,,488.58
4295,0.02762,,318.43,23.551,-0.018,466.35,,492.1
4296,0.02807,,302.85,23.543,-0.024,467.92,,493.81
4297,0.02851,,287.22,23.529,-0.027,467.54,,493.49
4298,0.02894,,271.54,23.508,-0.029,465.13,,491.07
4299,0.02937,,255.8,23.481,-0.028,460.81,,486.68
4300,0.02979,,240.01,23.448,-0.026,454.86,,480.57
4301,0.0302,,224.16,23.41,-0.021,447.68,,473.2
4302,0.0306,,208.25,23.368,-0.014,439.79,,465.09
4303,0.03099,,192.28,23.324,-0.007,431.8,,456.89
4304,0.03137,,176.25,23.278,0.002,424.31,,449.2
4305,0.03174,,160.16,23.233,0.011,417.89,,442.65
4306,0.0321,,144,23.189,0.019,413.06,,437.75
4307,0.03245,,127.79,23.149,0.026,410.19,,434.92
4308,0.03278,,111.53,23.114,0.03,409.55,,434.43
4309,0.0331,,95.21,23.086,0.033,411.24,,436.37
4310,0.03341,,78.84,23.065,0.033,415.17,,440.64
4311,0.03371,,62.42,23.054,0.03,421.1,,446.99
4312,0.03398,,45.97,23.052,0.024,428.61,,454.97
4313,0.03425,,29.48,23.06,0.017,437.13,,463.97
4314,0.03449,,12.97,23.078,0.008,445.98,,473.26
4315,0.03472,,356.44,23.106,-0.002,454.42,,482.07
4316,0.03492,,339.89,23.142,-0.012,461.73,,489.61
4317,0.03511,,323.33,23.185,-0.021,467.25,,495.2
4318,0.03528,,306.76,23.235,-0.028,470.48,,498.34
4319,0.03542,,290.19,23.289,-0.033,471.12,,498.69
4320,0.03554,,273.63,23.345,-0.035,469.12,,496.24
4321,0.03564,,257.06,23.402,-0.035,464.67,,491.21
4322,0.03571,,240.49,23.457,-0.031,458.22,,484.08
4323,0.03575,,223.93,23.507,-0.025,450.37,,475.49
4324,0.03577,,207.36,23.552,-0.016,441.84,,466.24
4325,0.03576,,190.78,23.589,-0.007,433.4,,457.12
4326,0.03572,,174.2,23.617,0.004,425.78,,448.94
4327,0.03566,,157.61,23.635,0.014,419.62,,442.35
4328,0.03556,,140.99,23.642,0.022,415.43,,437.9
4329,0.03544,,124.36,23.637,0.029,413.53,,435.92
4330,0.03528,,107.69,23.62,0.034,414.06,,436.57
4331,0.03509,,90.99,23.592,0.035,416.95,,439.77
4332,0.03487,,74.26,23.553,0.034,421.95,,445.24
4333,0.03462,,57.47,23.505,0.029,428.59,,452.51
4334,0.03434,,40.64,23.449,0.022,436.29,,460.95
4335,0.03402,,23.76,23.386,0.014,444.32,,469.77
4336,0.03367,,6.82,23.32,0.004,451.91,,478.18
4337,0.03329,,349.82,23.251,-0.006,458.33,,485.37
4338,0.03288,,332.77,23.183,-0.015,462.93,,490.64
4339,0.03244,,315.67,23.118,-0.023,465.25,,493.48
4340,0.03196,,298.51,23.058,-0.028,465.05,,493.62
4341,0.03145,,281.31,23.005,-0.031,462.36,,491.07
4342,0.03092,,264.06,22.962,-0.031,457.48,,486.14
4343,0.03035,,246.77,22.93,-0.028,450.92,,479.35
4344,0.02976,,229.46,22.91,-0.023,443.34,,471.41
4345,0.02913,,212.12,22.903,-0.015,435.49,,463.1
4346,0.02848,,194.77,22.909,-0.007,428.13,,455.23
4347,0.0278,,177.41,22.929,0.001,421.9,,448.51
4348,0.0271,,160.06,22.961,0.009,417.34,,443.49
4349,0.02638,,142.71,23.006,0.016,414.79,,440.55
4350,0.02563,,125.38,23.06,0.021,414.42,,439.87
4351,0.02486,,108.07,23.123,0.024,416.18,,441.4
4352,0.02407,,90.79,23.193,0.024,419.84,,444.91
4353,0.02326,,73.54,23.268,0.022,425.02,,450.01
4354,0.02243,,56.32,23.344,0.019,431.22,,456.15
4355,0.02159,,39.13,23.42,0.014,437.86,,462.76
4356,0.02073,,21.98,23.494,0.008,444.36,,469.21
4357,0.01986,,4.86,23.564,0.002,450.17,,474.96
4358,0.01898,,347.77,23.627,-0.004,454.84,,479.53
4359,0.01809,,330.71,23.683,-0.009,458.07,,482.62
4360,0.01719,,313.68,23.729,-0.012,459.7,,484.07
4361,0.01629,,296.67,23.765,-0.015,459.75,,483.92
4362,0.01538,,279.67,23.789,-0.015,458.39,,482.34
4363,0.01447,,262.7,23.803,-0.014,455.91,,479.67
4364,0.01356,,245.74,23.804,-0.012,452.68,,476.25
4365,0.01265,,228.79,23.795,-0.01,449.09,,472.53
4366,0.01174,,211.86,23.775,-0.006,445.51,,468.87
4367,0.01084,,194.94,23.745,-0.003,442.27,,465.62
4368,0.00994,,178.03,23.706,0,439.58,,463.01
4369,0.00905,,161.16,23.66,0.003,437.6,,461.18
4370,0.00817,,144.32,23.607,0.005,436.36,,460.16
4371,0.0073,,127.53,23.549,0.006,435.79,,459.88
4372,0.00645,,110.83,23.488,0.006,435.77,,460.18
4373,0.00561,,94.25,23.425,0.006,436.11,,460.89
4374,0.00478,,77.88,23.361,0.005,436.61,,461.76
4375,0.00398,,61.84,23.299,0.004,437.07,,462.6
4376,0.0032,,46.37,23.238,0.002,437.34,,463.21
4377,0.00244,,32.01,23.181,0.001,437.31,,463.5
4378,0.00171,,20.12,23.127,0.001,436.96,,463.41
4379,0.00104,,15.37,23.079,0,436.3,,462.99
4380,0.00056,,38.34,23.036,0,435.45,,462.33
4381,0.00073,,83.4,22.999,0.001,434.53,,461.56
4382,0.00128,,87.9,22.967,0.001,433.71,,460.84
4383,0.00188,,78.49,22.942,0.002,433.11,,460.34
4384,0.00247,,65.03,22.924,0.002,432.86,,460.19
4385,0.00304,,49.93,22.911,0.002,433.04,,460.44
4386,0.00359,,34.03,22.905,0.002,433.64,,461.12
4387,0.00412,,17.67,22.905,0.001,434.62,,462.17
4388,0.00462,,1.04,22.91,0,435.88,,463.47
4389,0.00509,,344.23,22.921,-0.001,437.25,,464.87
4390,0.00553,,327.3,22.938,-0.003,438.58,,466.18
4391,0.00595,,310.3,22.96,-0.005,439.68,,467.24
4392,0.00633,,293.23,22.987,-0.006,440.43,,467.87
4393,0.00669,,276.13,23.02,-0.007,440.7,,467.99
4394,0.00702,,259.01,23.057,-0.007,440.48,,467.53
4395,0.00733,,241.88,23.1,-0.006,439.77,,466.56
4396,0.0076,,224.74,23.147,-0.005,438.69,,465.15
4397,0.00785,,207.6,23.198,-0.004,437.37,,463.47
4398,0.00808,,190.47,23.253,-0.001,436.01,,461.72
4399,0.00827,,173.36,23.312,0.001,434.8,,460.13
4400,0.00844,,156.26,23.373,0.003,433.95,,458.89
4401,0.00859,,139.18,23.437,0.006,433.62,,458.19
4402,0.00871,,122.12,23.501,0.007,433.92,,458.16
4403,0.00881,,105.08,23.565,0.009,434.9,,458.85
4404,0.00889,,88.07,23.628,0.009,436.56,,460.25
4405,0.00894,,71.08,23.688,0.008,438.8,,462.28
4406,0.00898,,54.11,23.745,0.007,441.48,,464.79
4407,0.009,,37.16,23.796,0.005,444.39,,467.58
4408,0.00899,,20.23,23.84,0.003,447.33,,470.42
4409,0.00897,,3.3,23.875,0.001,450.03,,473.06
4410,0.00893,,346.38,23.902,-0.002,452.29,,475.29
4411,0.00888,,329.46,23.917,-0.005,453.91,,476.9
4412,0.0088,,312.53,23.921,-0.006,454.74,,477.75
4413,0.00872,,295.57,23.912,-0.008,454.71,,477.77
4414,0.00862,,278.59,23.891,-0.009,453.83,,476.96
4415,0.00852,,261.57,23.856,-0.008,452.15,,475.4
4416,0.0084,,244.5,23.809,-0.008,449.8,,473.2
4417,0.00826,,227.36,23.749,-0.006,446.97,,470.55
4418,0.00812,,210.15,23.677,-0.004,443.86,,467.68
4419,0.00798,,192.84,23.595,-0.002,440.7,,464.79
4420,0.00782,,175.42,23.504,0.001,437.69,,462.12
4421,0.00766,,157.89,23.407,0.003,435.03,,459.85
4422,0.00749,,140.21,23.304,0.005,432.87,,458.12
4423,0.00732,,122.39,23.2,0.006,431.29,,457.02
4424,0.00715,,104.39,23.096,0.007,430.35,,456.58
4425,0.00697,,86.22,22.995,0.007,430.02,,456.78
4426,0.0068,,67.84,22.901,0.006,430.23,,457.51
4427,0.00662,,49.26,22.816,0.005,430.86,,458.65
4428,0.00645,,30.44,22.742,0.003,431.76,,460.01
4429,0.00628,,11.39,22.682,0.001,432.77,,461.41
4430,0.00612,,352.09,22.638,-0.001,433.72,,462.67
4431,0.00596,,332.53,22.612,-0.003,434.48,,463.62
4432,0.00582,,312.71,22.604,-0.004,434.94,,464.16
4433,0.0057,,292.62,22.614,-0.005,435.04,,464.22
4434,0.00558,,272.27,22.644,-0.006,434.81,,463.8
4435,0.0055,,251.67,22.691,-0.005,434.3,,463
4436,0.00543,,230.85,22.755,-0.004,433.63,,461.93
4437,0.00539,,209.84,22.834,-0.003,432.95,,460.78
4438,0.00539,,188.69,22.925,-0.001,432.43,,459.72
4439,0.00541,,167.46,23.026,0.001,432.24,,458.97
4440,0.00548,,146.2,23.133,0.003,432.52,,458.67
4441,0.00558,,124.99,23.245,0.005,433.37,,458.98
4442,0.00572,,103.89,23.357,0.006,434.86,,459.94
4443,0.0059,,82.95,23.467,0.006,436.95,,461.55
4444,0.00612,,62.22,23.571,0.005,439.56,,463.73
4445,0.00638,,41.74,23.667,0.004,442.54,,466.34
4446,0.00667,,21.52,23.753,0.002,445.68,,469.17
4447,0.007,,1.57,23.826,0,448.73,,471.98
4448,0.00736,,341.88,23.884,-0.002,451.42,,474.48
4449,0.00774,,322.44,23.927,-0.005,453.51,,476.42
4450,0.00815,,303.24,23.954,-0.007,454.75,,477.58
4451,0.00859,,284.25,23.964,-0.008,455.01,,477.79
4452,0.00904,,265.44,23.958,-0.009,454.2,,476.97
4453,0.00952,,246.81,23.936,-0.009,452.34,,475.15
4454,0.01002,,228.31,23.899,-0.007,449.57,,472.45
4455,0.01052,,209.94,23.848,-0.005,446.09,,469.07
4456,0.01105,,191.66,23.786,-0.002,442.22,,465.34
4457,0.01158,,173.47,23.714,0.001,438.27,,461.59
4458,0.01212,,155.35,23.634,0.005,434.63,,458.19
4459,0.01267,,137.29,23.549,0.009,431.63,,455.48
4460,0.01323,,119.26,23.461,0.012,429.55,,453.76
4461,0.01379,,101.27,23.373,0.014,428.6,,453.23
4462,0.01435,,83.31,23.287,0.014,428.88,,453.99
4463,0.01491,,65.37,23.206,0.014,430.37,,456.01
4464,0.01547,,47.45,23.131,0.011,432.9,,459.1
4465,0.01603,,29.55,23.064,0.008,436.22,,462.98
4466,0.01658,,11.67,23.008,0.003,439.96,,467.26
4467,0.01713,,353.81,22.962,-0.002,443.68,,471.47
4468,0.01767,,335.98,22.929,-0.007,446.94,,475.12
4469,0.0182,,318.18,22.908,-0.012,449.31,,477.77
4470,0.01872,,300.41,22.898,-0.016,450.47,,479.05
4471,0.01922,,282.68,22.901,-0.019,450.2,,478.75
4472,0.01971,,264.99,22.915,-0.02,448.45,,476.81
4473,0.02019,,247.34,22.939,-0.019,445.35,,473.38
4474,0.02065,,229.74,22.972,-0.016,441.17,,468.75
4475,0.02109,,212.19,23.013,-0.011,436.32,,463.37
4476,0.02151,,194.7,23.06,-0.005,431.29,,457.78
4477,0.02191,,177.26,23.111,0.001,426.61,,452.54
4478,0.02229,,159.88,23.165,0.008,422.76,,448.17
4479,0.02265,,142.55,23.22,0.014,420.19,,445.14
4480,0.02298,,125.28,23.275,0.019,419.19,,443.8
4481,0.02329,,108.06,23.329,0.022,419.95,,444.32
4482,0.02357,,90.89,23.38,0.024,422.48,,446.72
4483,0.02383,,73.78,23.428,0.023,426.64,,450.86
4484,0.02406,,56.72,23.471,0.02,432.13,,456.43
4485,0.02426,,39.7,23.509,0.016,438.52,,462.97
4486,0.02443,,22.74,23.542,0.009,445.3,,469.95
4487,0.02458,,5.82,23.568,0.002,451.87,,476.73
4488,0.02469,,348.94,23.588,-0.005,457.66,,482.73
4489,0.02478,,332.11,23.602,-0.012,462.16,,487.39
4490,0.02484,,315.32,23.61,-0.017,464.96,,490.3
4491,0.02487,,298.57,23.611,-0.022,465.8,,491.18
4492,0.02487,,281.86,23.606,-0.024,464.62,,489.96
4493,0.02484,,265.19,23.596,-0.025,461.54,,486.78
4494,0.02479,,248.57,23.579,-0.023,456.86,,481.93
4495,0.02471,,231.99,23.558,-0.019,451.01,,475.89
4496,0.02461,,215.45,23.532,-0.014,444.51,,469.17
4497,0.02448,,198.95,23.501,-0.008,437.89,,462.36
4498,0.02432,,182.5,23.466,-0.001,431.71,,456.02
4499,0.02415,,166.1,23.428,0.006,426.43,,450.64
4500,0.02395,,149.74,23.386,0.012,422.4,,446.6
4501,0.02374,,133.44,23.343,0.017,419.88,,444.17
4502,0.0235,,117.19,23.298,0.021,418.98,,443.46
4503,0.02325,,100.99,23.252,0.023,419.69,,444.45
4504,0.02299,,84.85,23.206,0.023,421.84,,446.98
4505,0.02272,,68.78,23.161,0.021,425.21,,450.78
4506,0.02244,,52.76,23.118,0.018,429.46,,455.52
4507,0.02215,,36.82,23.078,0.013,434.19,,460.76
4508,0.02186,,20.95,23.042,0.008,439.02,,466.08
4509,0.02157,,5.16,23.011,0.002,443.53,,471.05
4510,0.02128,,349.45,22.986,-0.004,447.4,,475.3
4511,0.02099,,333.82,22.968,-0.009,450.35,,478.52
4512,0.02072,,318.28,22.959,-0.014,452.19,,480.54
4513,0.02045,,302.84,22.958,-0.017,452.84,,481.23
4514,0.0202,,287.49,22.967,-0.019,452.32,,480.63
4515,0.01996,,272.24,22.986,-0.02,450.74,,478.84
4516,0.01975,,257.09,23.014,-0.019,448.28,,476.06
4517,0.01955,,242.03,23.053,-0.017,445.17,,472.54
4518,0.01939,,227.07,23.1,-0.014,441.66,,468.56
4519,0.01924,,212.21,23.157,-0.01,438.05,,464.41
4520,0.01913,,197.44,23.221,-0.006,434.57,,460.39
4521,0.01905,,182.75,23.291,-0.001,431.48,,456.73
4522,0.019,,168.13,23.365,0.004,428.98,,453.67
4523,0.01899,,153.57,23.443,0.008,427.23,,451.4
4524,0.019,,139.07,23.522,0.012,426.35,,450.07
4525,0.01905,,124.62,23.599,0.016,426.43,,449.72
4526,0.01913,,110.19,23.673,0.018,427.47,,450.43
4527,0.01924,,95.78,23.742,0.019,429.47,,452.17
4528,0.01938,,81.37,23.803,0.019,432.36,,454.87
4529,0.01955,,66.95,23.855,0.018,436,,458.43
4530,0.01975,,52.52,23.895,0.016,440.23,,462.65
4531,0.01996,,38.05,23.923,0.012,444.84,,467.34
4532,0.0202,,23.55,23.937,0.008,449.55,,472.22
4533,0.02046,,8.99,23.935,0.003,454.1,,477
4534,0.02073,,354.37,23.918,-0.002,458.17,,481.37
4535,0.02102,,339.69,23.886,-0.007,461.46,,485.02
4536,0.02132,,324.94,23.837,-0.012,463.69,,487.64
4537,0.02163,,310.1,23.774,-0.017,464.63,,489
4538,0.02195,,295.18,23.697,-0.02,464.12,,488.91
4539,0.02227,,280.18,23.608,-0.022,462.09,,487.29
4540,0.0226,,265.08,23.508,-0.023,458.57,,484.16
4541,0.02292,,249.88,23.399,-0.022,453.71,,479.62
4542,0.02325,,234.6,23.286,-0.019,447.75,,473.97
4543,0.02358,,219.22,23.169,-0.015,441.03,,467.51
4544,0.0239,,203.74,23.053,-0.01,433.97,,460.66
4545,0.02422,,188.18,22.941,-0.003,427.02,,453.89
4546,0.02454,,172.54,22.835,0.003,420.64,,447.66
4547,0.02486,,156.82,22.74,0.01,415.24,,442.42
4548,0.02516,,141.03,22.657,0.016,411.21,,438.57
4549,0.02547,,125.18,22.59,0.021,408.84,,436.37
4550,0.02577,,109.28,22.541,0.024,408.3,,436.05
4551,0.02606,,93.35,22.511,0.026,409.65,,437.65
4552,0.02635,,77.39,22.503,0.026,412.83,,441.1
4553,0.02664,,61.43,22.515,0.023,417.65,,446.17
4554,0.02692,,45.47,22.549,0.019,423.79,,452.55
4555,0.0272,,29.52,22.603,0.013,430.84,,459.78
4556,0.02747,,13.6,22.677,0.006,438.31,,467.35
4557,0.02775,,357.72,22.768,-0.001,445.69,,474.7
4558,0.02802,,341.88,22.874,-0.009,452.43,,481.28
4559,0.02829,,326.09,22.992,-0.016,458.07,,486.6
4560,0.02856,,310.36,23.118,-0.022,462.21,,490.25
4561,0.02883,,294.69,23.251,-0.026,464.58,,491.99
4562,0.0291,,279.08,23.385,-0.029,465.05,,491.7
4563,0.02938,,263.53,23.519,-0.029,463.65,,489.45
4564,0.02966,,248.03,23.648,-0.028,460.56,,485.45
4565,0.02994,,232.58,23.769,-0.024,456.08,,480.03
4566,0.03022,,217.18,23.88,-0.018,450.61,,473.65
4567,0.03051,,201.81,23.978,-0.011,444.63,,466.82
4568,0.0308,,186.47,24.06,-0.003,438.63,,460.06
4569,0.03109,,171.15,24.126,0.005,433.09,,453.91
4570,0.03139,,155.84,24.174,0.013,428.47,,448.81
4571,0.03169,,140.53,24.202,0.02,425.13,,445.15
4572,0.032,,125.21,24.212,0.026,423.34,,443.24
4573,0.0323,,109.88,24.201,0.03,423.29,,443.23
4574,0.03261,,94.51,24.172,0.033,425.01,,445.19
4575,0.03292,,79.11,24.124,0.032,428.42,,449.03
4576,0.03323,,63.66,24.059,0.03,433.33,,454.51
4577,0.03354,,48.16,23.979,0.025,439.38,,461.3
4578,0.03385,,32.59,23.885,0.018,446.13,,468.92
4579,0.03416,,16.97,23.779,0.01,453.05,,476.78
4580,0.03446,,1.26,23.664,0.001,459.53,,484.26
4581,0.03475,,345.49,23.544,-0.009,464.98,,490.71
4582,0.03504,,329.63,23.419,-0.018,468.83,,495.51
4583,0.03532,,313.7,23.293,-0.026,470.64,,498.15
4584,0.03559,,297.69,23.17,-0.032,470.09,,498.3
4585,0.03585,,281.6,23.051,-0.035,467.07,,495.8
4586,0.0361,,265.44,22.94,-0.036,461.71,,490.76
4587,0.03633,,249.21,22.839,-0.034,454.33,,483.49
4588,0.03655,,232.92,22.75,-0.029,445.44,,474.54
4589,0.03675,,216.58,22.675,-0.022,435.73,,464.61
4590,0.03694,,200.19,22.615,-0.013,425.92,,454.47
4591,0.0371,,183.77,22.572,-0.002,416.78,,444.95
4592,0.03724,,167.32,22.546,0.008,409.01,,436.79
4593,0.03736,,150.85,22.538,0.018,403.2,,430.64
4594,0.03746,,134.38,22.547,0.027,399.81,,426.97
4595,0.03754,,117.91,22.572,0.033,399.11,,426.08
4596,0.03759,,101.45,22.614,0.037,401.16,,428.06
4597,0.03762,,85.02,22.67,0.037,405.85,,432.77
4598,0.03762,,68.62,22.739,0.035,412.86,,439.89
4599,0.0376,,52.26,22.82,0.03,421.71,,448.89
4600,0.03755,,35.95,22.91,0.022,431.75,,459.09
4601,0.03748,,19.69,23.006,0.013,442.25,,469.7
4602,0.03738,,3.48,23.108,0.002,452.41,,479.91
4603,0.03725,,347.33,23.213,-0.008,461.46,,488.91
4604,0.0371,,331.25,23.318,-0.018,468.74,,495.99
4605,0.03693,,315.23,23.422,-0.026,473.72,,500.66
4606,0.03673,,299.27,23.522,-0.032,476.1,,502.58
4607,0.03651,,283.38,23.616,-0.036,475.8,,501.69
4608,0.03627,,267.56,23.704,-0.036,472.98,,498.2
4609,0.036,,251.8,23.783,-0.034,467.99,,492.48
4610,0.03572,,236.1,23.851,-0.03,461.35,,485.1
4611,0.03543,,220.47,23.909,-0.023,453.7,,476.73
4612,0.03511,,204.89,23.954,-0.015,445.69,,468.06
4613,0.03479,,189.38,23.986,-0.006,437.96,,459.76
4614,0.03445,,173.92,24.005,0.004,431.07,,452.44
4615,0.0341,,158.51,24.01,0.012,425.51,,446.57
4616,0.03375,,143.15,24.002,0.02,421.59,,442.5
4617,0.0334,,127.83,23.98,0.026,419.51,,440.44
4618,0.03304,,112.56,23.945,0.031,419.34,,440.45
4619,0.03269,,97.33,23.897,0.032,421,,442.43
4620,0.03234,,82.13,23.838,0.032,424.28,,446.2
4621,0.032,,66.96,23.768,0.029,428.88,,451.41
4622,0.03168,,51.82,23.689,0.025,434.42,,457.66
4623,0.03136,,36.7,23.603,0.019,440.45,,464.5
4624,0.03107,,21.6,23.51,0.011,446.51,,471.39
4625,0.03079,,6.51,23.414,0.003,452.12,,477.86
4626,0.03054,,351.42,23.316,-0.005,456.86,,483.44
4627,0.03031,,336.34,23.218,-0.012,460.35,,487.7
4628,0.03012,,321.25,23.123,-0.019,462.33,,490.36
4629,0.02994,,306.16,23.032,-0.024,462.62,,491.19
4630,0.02981,,291.05,22.948,-0.028,461.18,,490.15
4631,0.0297,,275.93,22.873,-0.03,458.08,,487.29
4632,0.02963,,260.79,22.809,-0.029,453.52,,482.8
4633,0.02959,,245.63,22.758,-0.027,447.78,,476.98
4634,0.02959,,230.45,22.72,-0.023,441.23,,470.22
4635,0.02962,,215.25,22.698,-0.017,434.31,,462.97
4636,0.02969,,200.02,22.691,-0.01,427.45,,455.69
4637,0.02978,,184.77,22.7,-0.002,421.1,,448.88
4638,0.02991,,169.5,22.725,0.005,415.7,,442.98
4639,0.03007,,154.21,22.766,0.013,411.6,,438.4
4640,0.03025,,138.9,22.821,0.02,409.11,,435.47
4641,0.03045,,123.57,22.889,0.025,408.45,,434.41
4642,0.03068,,108.24,22.969,0.029,409.72,,435.35
4643,0.03092,,92.89,23.058,0.031,412.94,,438.3
4644,0.03118,,77.54,23.154,0.03,417.98,,443.15
4645,0.03146,,62.17,23.255,0.028,424.62,,449.65
4646,0.03174,,46.81,23.358,0.023,432.5,,457.43
4647,0.03203,,31.43,23.46,0.017,441.17,,466.05
4648,0.03232,,16.05,23.558,0.009,450.1,,474.92
4649,0.03261,,0.66,23.651,0,458.7,,483.47
4650,0.0329,,345.27,23.735,-0.008,466.37,,491.05
4651,0.03319,,329.86,23.809,-0.017,472.54,,497.13
4652,0.03346,,314.43,23.87,-0.024,476.75,,501.18
4653,0.03373,,298.99,23.916,-0.03,478.63,,502.88
4654,0.03399,,283.53,23.948,-0.033,478.04,,502.07
4655,0.03423,,268.03,23.962,-0.034,474.97,,498.76
4656,0.03446,,252.51,23.96,-0.033,469.65,,493.19
4657,0.03467,,236.95,23.94,-0.029,462.48,,485.77
4658,0.03486,,221.35,23.904,-0.023,453.98,,477.05
4659,0.03503,,205.7,23.851,-0.015,444.8,,467.69
4660,0.03518,,190,23.784,-0.006,435.6,,458.39
4661,0.03531,,174.25,23.703,0.004,427.05,,449.82
4662,0.03542,,158.44,23.61,0.013,419.74,,442.61
4663,0.0355,,142.58,23.509,0.022,414.17,,437.27
4664,0.03556,,126.65,23.4,0.029,410.7,,434.15
4665,0.0356,,110.66,23.288,0.033,409.52,,433.48
4666,0.03561,,94.61,23.176,0.036,410.68,,435.29
4667,0.0356,,78.49,23.066,0.035,414.03,,439.42
4668,0.03557,,62.33,22.963,0.032,419.27,,445.53
4669,0.03551,,46.11,22.868,0.026,425.94,,453.14
4670,0.03544,,29.86,22.785,0.018,433.48,,461.61
4671,0.03534,,13.57,22.717,0.008,441.22,,470.23
4672,0.03522,,357.25,22.665,-0.002,448.48,,478.25
4673,0.03509,,340.92,22.633,-0.011,454.62,,485
4674,0.03493,,324.59,22.62,-0.02,459.1,,489.85
4675,0.03476,,308.28,22.628,-0.027,461.55,,492.41
4676,0.03458,,291.99,22.657,-0.032,461.78,,492.5
4677,0.03438,,275.73,22.705,-0.034,459.84,,490.15
4678,0.03417,,259.52,22.772,-0.034,455.97,,485.63
4679,0.03394,,243.37,22.856,-0.03,450.59,,479.42
4680,0.03371,,227.29,22.954,-0.025,444.24,,472.11
4681,0.03347,,211.28,23.065,-0.017,437.52,,464.37
4682,0.03322,,195.35,23.183,-0.009,431.05,,456.84
4683,0.03296,,179.5,23.308,0,425.37,,450.17
4684,0.0327,,163.74,23.434,0.009,420.96,,444.84
4685,0.03244,,148.06,23.558,0.017,418.16,,441.22
4686,0.03218,,132.46,23.678,0.024,417.2,,439.59
4687,0.03191,,116.93,23.789,0.028,418.16,,440.02
4688,0.03165,,101.48,23.89,0.031,420.98,,442.46
4689,0.03139,,86.09,23.976,0.031,425.49,,446.73
4690,0.03113,,70.75,24.048,0.029,431.39,,452.54
4691,0.03087,,55.46,24.101,0.025,438.28,,459.49
4692,0.03062,,40.21,24.135,0.02,445.71,,467.08
4693,0.03037,,24.98,24.15,0.013,453.17,,474.81
4694,0.03013,,9.76,24.144,0.005,460.12,,482.13
4695,0.02989,,354.55,24.118,-0.003,466.07,,488.52
4696,0.02965,,339.33,24.072,-0.01,470.57,,493.5
4697,0.02942,,324.09,24.007,-0.017,473.28,,496.73
4698,0.0292,,308.83,23.925,-0.023,473.97,,497.94
4699,0.02897,,293.53,23.827,-0.027,472.55,,497.02
4700,0.02875,,278.18,23.716,-0.028,469.1,,494.04
4701,0.02854,,262.78,23.595,-0.028,463.82,,489.19
4702,0.02832,,247.32,23.466,-0.026,457.06,,482.79
4703,0.02811,,231.8,23.332,-0.022,449.25,,475.31
4704,0.02789,,216.21,23.197,-0.016,440.92,,467.23
4705,0.02768,,200.55,23.065,-0.01,432.6,,459.14
4706,0.02746,,184.83,22.938,-0.002,424.82,,451.57
4707,0.02724,,169.04,22.82,0.005,418.06,,445.01
4708,0.02702,,153.19,22.713,0.012,412.72,,439.87
4709,0.02679,,137.29,22.622,0.018,409.1,,436.49
4710,0.02656,,121.35,22.547,0.023,407.37,,435.03
4711,0.02632,,105.38,22.491,0.025,407.59,,435.56
4712,0.02608,,89.38,22.456,0.026,409.69,,437.98
4713,0.02582,,73.37,22.441,0.025,413.45,,442.09
4714,0.02556,,57.37,22.448,0.022,418.58,,447.53
4715,0.0253,,41.39,22.476,0.017,424.66,,453.88
4716,0.02502,,25.43,22.523,0.011,431.24,,460.65
4717,0.02474,,9.51,22.59,0.004,437.84,,467.34
4718,0.02445,,353.65,22.673,-0.003,444,,473.44
4719,0.02415,,337.86,22.771,-0.009,449.3,,478.53
4720,0.02384,,322.13,22.881,-0.015,453.42,,482.29
4721,0.02353,,306.49,23,-0.019,456.15,,484.51
4722,0.02321,,290.94,23.126,-0.022,457.41,,485.13
4723,0.02289,,275.47,23.255,-0.023,457.26,,484.22
4724,0.02256,,260.11,23.385,-0.022,455.84,,481.96
4725,0.02223,,244.85,23.513,-0.02,453.4,,478.66
4726,0.0219,,229.69,23.637,-0.017,450.26,,474.65
4727,0.02157,,214.63,23.753,-0.012,446.73,,470.28
4728,0.02125,,199.67,23.86,-0.007,443.16,,465.93
4729,0.02093,,184.81,23.955,-0.002,439.85,,461.92
4730,0.02061,,170.05,24.038,0.004,437.05,,458.54
4731,0.02031,,155.38,24.106,0.008,434.97,,455.97
4732,0.02002,,140.8,24.159,0.013,433.72,,454.38
4733,0.01974,,126.29,24.196,0.016,433.37,,453.82
4734,0.01948,,111.86,24.216,0.018,433.91,,454.28
4735,0.01924,,97.49,24.219,0.019,435.28,,455.69
4736,0.01902,,83.17,24.205,0.019,437.35,,457.94
4737,0.01883,,68.89,24.174,0.018,439.98,,460.86
4738,0.01866,,54.64,24.127,0.015,442.98,,464.26
4739,0.01852,,40.41,24.065,0.012,446.13,,467.91
4740,0.0184,,26.16,23.988,0.008,449.23,,471.59
4741,0.01832,,11.9,23.898,0.004,452.05,,475.06
4742,0.01826,,357.61,23.796,-0.001,454.39,,478.09
4743,0.01824,,343.25,23.685,-0.005,456.05,,480.49
4744,0.01824,,328.83,23.565,-0.009,456.89,,482.04
4745,0.01828,,314.33,23.44,-0.013,456.77,,482.64
4746,0.01834,,299.72,23.311,-0.016,455.61,,482.15
4747,0.01843,,285,23.181,-0.018,453.4,,480.55
4748,0.01854,,270.15,23.053,-0.019,450.17,,477.86
4749,0.01868,,255.18,22.928,-0.018,446.04,,474.17
4750,0.01883,,240.06,22.811,-0.016,441.16,,469.64
4751,0.019,,224.81,22.703,-0.013,435.79,,464.52
4752,0.01919,,209.41,22.607,-0.009,430.2,,459.08
4753,0.01938,,193.88,22.526,-0.005,424.74,,453.69
4754,0.01959,,178.22,22.461,0.001,419.73,,448.69
4755,0.01979,,162.43,22.414,0.006,415.53,,444.45
4756,0.02,,146.53,22.388,0.011,412.44,,441.29
4757,0.02021,,130.52,22.382,0.015,410.72,,439.48
4758,0.02042,,114.42,22.397,0.019,410.54,,439.19
4759,0.02061,,98.24,22.434,0.02,411.98,,440.55
4760,0.0208,,81.99,22.491,0.021,415.01,,443.48
4761,0.02098,,65.69,22.569,0.019,419.48,,447.85
4762,0.02114,,49.36,22.664,0.016,425.14,,453.38
4763,0.02128,,32.99,22.776,0.012,431.63,,459.69
4764,0.02141,,16.61,22.901,0.006,438.51,,466.32
4765,0.02151,,0.22,23.037,0,445.31,,472.78
4766,0.0216,,343.83,23.181,-0.006,451.54,,478.58
4767,0.02165,,327.45,23.329,-0.012,456.77,,483.26
4768,0.02169,,311.08,23.478,-0.016,460.63,,486.49
4769,0.0217,,294.72,23.624,-0.02,462.89,,488.03
4770,0.02168,,278.37,23.764,-0.021,463.46,,487.82
4771,0.02163,,262.04,23.894,-0.021,462.4,,485.95
4772,0.02156,,245.72,24.012,-0.02,459.91,,482.67
4773,0.02145,,229.4,24.114,-0.016,456.32,,478.31
4774,0.02132,,213.08,24.199,-0.012,452.02,,473.33
4775,0.02116,,196.75,24.263,-0.006,447.45,,468.19
4776,0.02096,,180.41,24.306,-0,443.06,,463.36
4777,0.02074,,164.06,24.326,0.006,439.24,,459.26
4778,0.02048,,147.67,24.323,0.011,436.31,,456.21
4779,0.0202,,131.25,24.296,0.015,434.48,,454.44
4780,0.01989,,114.79,24.246,0.018,433.84,,454.04
4781,0.01955,,98.27,24.174,0.019,434.38,,454.99
4782,0.01918,,81.69,24.081,0.019,435.95,,457.14
4783,0.01878,,65.04,23.97,0.017,438.29,,460.21
4784,0.01836,,48.32,23.842,0.014,441.09,,463.85
4785,0.01791,,31.51,23.702,0.009,443.97,,467.66
4786,0.01744,,14.6,23.552,0.004,446.53,,471.2
4787,0.01694,,357.61,23.396,-0.001,448.43,,474.07
4788,0.01642,,340.51,23.238,-0.005,449.37,,475.95
4789,0.01588,,323.32,23.084,-0.009,449.18,,476.63
4790,0.01532,,306.03,22.936,-0.012,447.79,,475.99
4791,0.01475,,288.64,22.799,-0.014,445.29,,474.1
4792,0.01415,,271.16,22.678,-0.014,441.88,,471.15
4793,0.01354,,253.59,22.575,-0.013,437.86,,467.44
4794,0.01292,,235.95,22.494,-0.011,433.62,,463.36
4795,0.01228,,218.23,22.437,-0.008,429.53,,459.3
4796,0.01164,,200.46,22.406,-0.004,425.97,,455.66
4797,0.01098,,182.62,22.402,-0,423.24,,452.77
4798,0.01032,,164.74,22.424,0.003,421.57,,450.86
4799,0.00965,,146.82,22.471,0.005,421.06,,450.06
4800,0.00898,,128.84,22.542,0.007,421.72,,450.37
4801,0.0083,,110.81,22.635,0.008,423.44,,451.72
4802,0.00763,,92.7,22.746,0.008,426.03,,453.89
4803,0.00696,,74.49,22.871,0.007,429.25,,456.62
4804,0.00629,,56.13,23.008,0.005,432.79,,459.65
4805,0.00562,,37.55,23.15,0.003,436.37,,462.67
4806,0.00497,,18.63,23.295,0.002,439.73,,465.43
4807,0.00433,,359.19,23.438,-0,442.66,,467.74
4808,0.00371,,338.96,23.575,-0.001,445.02,,469.48
4809,0.00311,,317.47,23.702,-0.002,446.75,,470.59
4810,0.00255,,293.91,23.816,-0.002,447.86,,471.11
4811,0.00206,,266.97,23.915,-0.002,448.43,,471.15
4812,0.00169,,234.82,23.996,-0.001,448.57,,470.85
4813,0.0015,,196.89,24.058,-0,448.43,,470.36
4814,0.00155,,157.5,24.098,0.001,448.16,,469.85
4815,0.00182,,122.79,24.117,0.002,447.88,,469.45
4816,0.00221,,94,24.115,0.002,447.7,,469.28
4817,0.00266,,69.46,24.092,0.002,447.66,,469.37
4818,0.00314,,47.56,24.048,0.002,447.77,,469.72
4819,0.00363,,27.31,23.986,0.002,447.97,,470.27
4820,0.00412,,8.1,23.908,0.001,448.17,,470.93
4821,0.00461,,349.6,23.815,-0.001,448.26,,471.54
4822,0.00509,,331.56,23.711,-0.002,448.1,,471.96
4823,0.00556,,313.87,23.597,-0.004,447.57,,472.03
4824,0.00602,,296.41,23.478,-0.005,446.56,,471.63
4825,0.00646,,279.12,23.357,-0.006,445.01,,470.67
4826,0.0069,,261.96,23.237,-0.007,442.92,,469.13
4827,0.00732,,244.9,23.121,-0.007,440.32,,467.03
4828,0.00773,,227.9,23.011,-0.006,437.33,,464.45
4829,0.00813,,210.97,22.912,-0.004,434.12,,461.58
4830,0.00852,,194.08,22.825,-0.002,430.87,,458.61
4831,0.00889,,177.24,22.753,0,427.83,,455.76
4832,0.00926,,160.43,22.697,0.003,425.21,,453.28
4833,0.00962,,143.66,22.658,0.006,423.22,,451.36
4834,0.00996,,126.94,22.637,0.008,422.04,,450.22
4835,0.0103,,110.26,22.634,0.01,421.79,,449.97
4836,0.01063,,93.62,22.65,0.011,422.53,,450.67
4837,0.01095,,77.04,22.682,0.011,424.22,,452.31
4838,0.01126,,60.5,22.73,0.01,426.8,,454.8
4839,0.01157,,44.03,22.792,0.008,430.11,,457.97
4840,0.01186,,27.6,22.867,0.006,433.92,,461.62
4841,0.01215,,11.24,22.953,0.002,437.99,,465.48
4842,0.01243,,354.93,23.046,-0.001,442.04,,469.26
4843,0.01271,,338.67,23.146,-0.005,445.79,,472.69
4844,0.01298,,322.47,23.249,-0.008,448.98,,475.49
4845,0.01323,,306.32,23.354,-0.011,451.4,,477.45
4846,0.01348,,290.22,23.457,-0.013,452.9,,478.44
4847,0.01373,,274.17,23.558,-0.014,453.4,,478.42
4848,0.01396,,258.15,23.653,-0.014,452.92,,477.36
4849,0.01418,,242.16,23.742,-0.013,451.54,,475.4
4850,0.0144,,226.21,23.822,-0.01,449.43,,472.74
4851,0.0146,,210.28,23.892,-0.007,446.82,,469.6
4852,0.01479,,194.37,23.951,-0.004,443.97,,466.28
4853,0.01496,,178.47,23.997,0,441.16,,463.07
4854,0.01513,,162.59,24.03,0.005,438.64,,460.24
4855,0.01528,,146.7,24.049,0.008,436.67,,458.06
4856,0.01541,,130.81,24.054,0.012,435.42,,456.72
4857,0.01552,,114.92,24.044,0.014,435,,456.35
4858,0.01562,,99.01,24.02,0.015,435.47,,456.98
4859,0.0157,,83.09,23.981,0.016,436.77,,458.56
4860,0.01576,,67.15,23.927,0.015,438.78,,460.95
4861,0.0158,,51.19,23.86,0.012,441.29,,463.97
4862,0.01582,,35.2,23.78,0.009,444.07,,467.32
4863,0.01581,,19.19,23.689,0.005,446.79,,470.7
4864,0.01578,,3.14,23.587,0.001,449.18,,473.78
4865,0.01573,,347.06,23.477,-0.004,450.92,,476.25
4866,0.01565,,330.95,23.36,-0.008,451.79,,477.83
4867,0.01555,,314.81,23.239,-0.011,451.61,,478.33
4868,0.01542,,298.64,23.115,-0.014,450.32,,477.65
4869,0.01526,,282.45,22.993,-0.015,447.93,,475.82
4870,0.01508,,266.24,22.874,-0.015,444.59,,472.94
4871,0.01487,,250.02,22.761,-0.014,440.51,,469.22
4872,0.01463,,233.81,22.658,-0.012,435.99,,464.98
4873,0.01437,,217.62,22.567,-0.009,431.36,,460.54
4874,0.01408,,201.46,22.491,-0.005,426.96,,456.25
4875,0.01376,,185.36,22.433,-0.001,423.1,,452.45
4876,0.01343,,169.34,22.394,0.002,420.05,,449.4
4877,0.01307,,153.42,22.377,0.006,418,,447.3
4878,0.01269,,137.65,22.382,0.009,417.05,,446.26
4879,0.0123,,122.06,22.41,0.01,417.23,,446.29
4880,0.01189,,106.69,22.462,0.011,418.48,,447.35
4881,0.01147,,91.57,22.536,0.011,420.65,,449.27
4882,0.01105,,76.77,22.632,0.011,423.58,,451.88
4883,0.01062,,62.32,22.748,0.009,427.05,,454.96
4884,0.01021,,48.28,22.88,0.008,430.85,,458.28
4885,0.00981,,34.71,23.027,0.006,434.79,,461.67
4886,0.00943,,21.64,23.184,0.003,438.7,,464.96
4887,0.0091,,9.11,23.347,0.001,442.45,,468.02
4888,0.00881,,357.14,23.514,-0,445.97,,470.82
4889,0.00859,,345.7,23.679,-0.002,449.21,,473.31
4890,0.00845,,334.74,23.838,-0.004,452.15,,475.5
4891,0.00839,,324.15,23.988,-0.005,454.78,,477.41
4892,0.00844,,313.78,24.125,-0.006,457.08,,479.05
4893,0.00859,,303.46,24.246,-0.007,459.03,,480.41
4894,0.00885,,293.03,24.346,-0.008,460.57,,481.44
4895,0.00921,,282.32,24.425,-0.009,461.61,,482.08
4896,0.00967,,271.23,24.479,-0.01,462.08,,482.25
4897,0.01022,,259.7,24.508,-0.01,461.84,,481.85
4898,0.01084,,247.69,24.509,-0.01,460.81,,480.75
4899,0.01154,,235.2,24.483,-0.009,458.91,,478.92
4900,0.01229,,222.26,24.43,-0.008,456.12,,476.31
4901,0.01309,,208.88,24.351,-0.006,452.5,,472.97
4902,0.01393,,195.11,24.247,-0.004,448.16,,469.02
4903,0.01481,,180.96,24.12,-0,443.3,,464.64
4904,0.01571,,166.48,23.973,0.004,438.21,,460.11
4905,0.01664,,151.68,23.809,0.008,433.2,,455.74
4906,0.01758,,136.6,23.631,0.012,428.65,,451.89
4907,0.01853,,121.25,23.444,0.016,424.89,,448.92
4908,0.01949,,105.65,23.254,0.019,422.24,,447.14
4909,0.02046,,89.81,23.063,0.02,420.95,,446.78
4910,0.02142,,73.77,22.879,0.021,421.15,,447.98
4911,0.02238,,57.53,22.705,0.019,422.85,,450.71
4912,0.02334,,41.11,22.547,0.015,425.9,,454.82
4913,0.02429,,24.54,22.409,0.01,430.03,,459.98
4914,0.02523,,7.83,22.295,0.003,434.8,,465.72
4915,0.02616,,351.01,22.209,-0.004,439.71,,471.47
4916,0.02706,,334.1,22.152,-0.012,444.17,,476.57
4917,0.02796,,317.13,22.126,-0.019,447.62,,480.42
4918,0.02883,,300.11,22.132,-0.025,449.59,,482.5
4919,0.02968,,283.07,22.17,-0.029,449.75,,482.46
4920,0.03051,,266.04,22.237,-0.03,447.99,,480.19
4921,0.03132,,249.02,22.332,-0.029,444.42,,475.82
4922,0.0321,,232.04,22.451,-0.025,439.35,,469.72
4923,0.03285,,215.12,22.59,-0.019,433.3,,462.48
4924,0.03357,,198.26,22.746,-0.011,426.91,,454.81
4925,0.03427,,181.47,22.914,-0.001,420.86,,447.48
4926,0.03493,,164.76,23.089,0.009,415.84,,441.23
4927,0.03556,,148.13,23.265,0.019,412.44,,436.7
4928,0.03617,,131.58,23.439,0.027,411.11,,434.39
4929,0.03674,,115.11,23.607,0.033,412.16,,434.63
4930,0.03727,,98.71,23.763,0.037,415.69,,437.55
4931,0.03778,,82.38,23.906,0.037,421.61,,443.04
4932,0.03825,,66.12,24.031,0.035,429.64,,450.8
4933,0.03869,,49.91,24.136,0.03,439.3,,460.35
4934,0.0391,,33.75,24.221,0.022,449.94,,471.03
4935,0.03947,,17.62,24.282,0.012,460.78,,482.03
4936,0.03981,,1.52,24.321,0.001,470.99,,492.49
4937,0.04012,,345.44,24.336,-0.01,479.74,,501.55
4938,0.04039,,329.37,24.327,-0.021,486.25,,508.39
4939,0.04064,,313.31,24.297,-0.03,489.93,,512.43
4940,0.04085,,297.24,24.246,-0.036,490.4,,513.23
4941,0.04104,,281.16,24.176,-0.04,487.57,,510.7
4942,0.04119,,265.06,24.088,-0.041,481.61,,504.97
4943,0.04132,,248.93,23.986,-0.039,472.97,,496.52
4944,0.04142,,232.77,23.872,-0.033,462.33,,486
4945,0.04149,,216.58,23.749,-0.025,450.51,,474.27
4946,0.04154,,200.36,23.62,-0.014,438.41,,462.25
4947,0.04156,,184.09,23.488,-0.003,426.93,,450.85
4948,0.04156,,167.79,23.356,0.009,416.87,,440.91
4949,0.04153,,151.45,23.227,0.02,408.9,,433.15
4950,0.04148,,135.08,23.104,0.029,403.52,,428.08
4951,0.04142,,118.68,22.989,0.036,401.03,,426.01
4952,0.04133,,102.25,22.886,0.04,401.51,,427.05
4953,0.04123,,85.8,22.795,0.041,404.84,,431.05
4954,0.0411,,69.34,22.719,0.038,410.68,,437.66
4955,0.04096,,52.87,22.659,0.033,418.52,,446.34
4956,0.04081,,36.4,22.616,0.024,427.68,,456.35
4957,0.04064,,19.95,22.59,0.014,437.4,,466.86
4958,0.04045,,3.51,22.581,0.002,446.83,,476.98
4959,0.04025,,347.11,22.589,-0.009,455.17,,485.83
4960,0.04004,,330.73,22.613,-0.02,461.73,,492.69
4961,0.03981,,314.4,22.653,-0.028,465.96,,496.98
4962,0.03958,,298.11,22.706,-0.035,467.57,,498.38
4963,0.03933,,281.87,22.772,-0.038,466.5,,496.85
4964,0.03907,,265.7,22.849,-0.039,462.95,,492.62
4965,0.0388,,249.58,22.934,-0.036,457.33,,486.14
4966,0.03851,,233.53,23.026,-0.031,450.23,,478.06
4967,0.03822,,217.54,23.124,-0.023,442.33,,469.14
4968,0.03792,,201.62,23.224,-0.014,434.36,,460.13
4969,0.0376,,185.77,23.325,-0.004,427,,451.79
4970,0.03728,,169.99,23.426,0.006,420.84,,444.75
4971,0.03694,,154.28,23.523,0.016,416.37,,439.51
4972,0.0366,,138.63,23.616,0.024,413.9,,436.43
4973,0.03624,,123.05,23.701,0.03,413.62,,435.69
4974,0.03588,,107.54,23.779,0.034,415.54,,437.3
4975,0.0355,,92.08,23.847,0.035,419.5,,441.12
4976,0.03512,,76.69,23.904,0.034,425.24,,446.85
4977,0.03472,,61.35,23.948,0.03,432.33,,454.06
4978,0.03432,,46.07,23.979,0.025,440.28,,462.24
4979,0.03391,,30.83,23.996,0.017,448.52,,470.8
4980,0.03349,,15.65,23.998,0.009,456.45,,479.11
4981,0.03307,,0.51,23.985,0,463.49,,486.58
4982,0.03264,,345.42,23.956,-0.008,469.15,,492.68
4983,0.03221,,330.37,23.913,-0.016,473.01,,496.99
4984,0.03177,,315.35,23.855,-0.022,474.8,,499.22
4985,0.03134,,300.37,23.783,-0.027,474.42,,499.26
4986,0.0309,,285.43,23.699,-0.03,471.92,,497.12
4987,0.03048,,270.51,23.603,-0.03,467.5,,493.02
4988,0.03005,,255.63,23.499,-0.029,461.48,,487.27
4989,0.02964,,240.77,23.387,-0.026,454.28,,480.3
4990,0.02924,,225.95,23.271,-0.021,446.38,,472.6
4991,0.02886,,211.15,23.154,-0.015,438.27,,464.67
4992,0.02849,,196.38,23.037,-0.008,430.42,,456.97
4993,0.02815,,181.64,22.926,-0.001,423.25,,449.96
4994,0.02784,,166.93,22.822,0.006,417.14,,444.01
4995,0.02757,,152.25,22.73,0.013,412.35,,439.39
4996,0.02733,,137.61,22.651,0.018,409.08,,436.32
4997,0.02714,,123.01,22.589,0.023,407.44,,434.89
4998,0.02699,,108.44,22.546,0.026,407.47,,435.14
4999,0.02689,,93.92,22.525,0.027,409.12,,437.02
5000,0.02685,,79.43,22.525,0.026,412.29,,440.39
